index,part_number,project_name,part_name,raw_material_designation,color,extra_material,production_place,percentage_of_extra_material,raw_material_price,part_volume,part_weight,part_length,part_width,part_height,avrg_thickness,max_thickness,annual_target_quantity,part_price_amortizated,label,Unnamed: 18,Unnamed: 19,Unnamed: 20
161.0,GDE86469,Nimbus,SHUTTER SKT WP,POM,Green,,Vietnam,0.0,5.111758214,2.632437416,3.712,25.5,24.3,5.4,1.8,1.8,595902.0,0.046851458,Asia,,,
162.0,NNZ42288,Nimbus,SKIN 1G SW WP PDL_BK,ABS,black,,Vietnam,0.0,2.010996192,62.08421457,64.58,115.3,85.0,68.2,1.9,2.0,1610.0,0.352269156,Asia,,,
163.0,GDE88290,Nimbus,SKIN 1GXA SKT 10A WP CLIPSAL_XW,ABS,white,,Vietnam,0.0,2.010996192,70.17881177,73.0,115.3,85.0,80.9,1.9,2.0,400.0,0.413632913,Asia,,,
164.0,NNZ43109,Nimbus,ROCKER SW WP_BK,ABS,black,,Vietnam,0.0,2.010996192,1.518938666,1.58,30.1,19.6,8.1,1.9,2.0,443.0,0.091265574,Asia,,,
165.0,GDE86528,Nimbus,GRID 1G SW WP,PC,white,,Vietnam,0.0,2.00833734,24.02558707,28.5448,97.4,78.7,22.8,1.6,2.0,39576.0,0.268276819,Asia,,,
166.0,NNZ42325,Nimbus,SKIN 1GXA SKT 10A WP CLIPSAL_BK,ABS,black,,Vietnam,0.0,2.010996192,70.17881177,73.0,115.3,85.0,80.9,1.9,2.0,150.0,0.413506434,Asia,,,
167.0,NNZ42318,Nimbus,SKIN 1G SKT 10A WP PDL_BK,ABS,black,,Vietnam,0.0,2.010996192,59.60392232,62.0,115.3,85.0,68.2,1.9,2.0,4299.0,0.286148474,Asia,,,
168.0,GDE86451,Nimbus,ROCKER SKT WP_XW,ABS,white,,Vietnam,0.0,2.010996192,1.442030379,1.5,29.5,17.7,7.8,1.9,2.0,515418.0,0.022248851,Asia,,,
169.0,GDE86525,Nimbus,ROCKER SW WP_XW,ABS,white,,Vietnam,0.0,2.010996192,1.518938666,1.58,30.1,19.6,8.1,1.9,2.0,33815.0,0.136986619,Asia,,,
170.0,GDE93397,Nimbus,BASE 1G/1GXA SKT WP,PC,white,,Vietnam,0.0,2.00833734,14.22195101,16.8971,65.1,49.2,19.2,1.5,1.6,61756.0,0.110216209,Asia,,,
171.0,GDE86418,Nimbus,CARRIER PUSH BUTTON WP,PC,transparent,,Vietnam,0.0,4.610765968,0.925847993,1.1,30.1,23.4,3.4,0.8,1.0,400.0,2.572302975,Asia,,,
172.0,GDE86541,Nimbus,MEMBRANE PB,TPE,transparent,,Vietnam,0.0,13.84915957,1.041873936,0.9425,35.7,35.7,3.2,0.4,0.5,610.0,0.038390702,Asia,,,
173.0,NNZ51011,Nimbus,CAP PB BUTTON WP_XW,PC,whitelight blocking,,Vietnam,0.0,16.65530892,0.471340796,0.56,24.7,17.7,2.4,1.2,1.2,400.0,2.512566363,Asia,,,
174.0,GDE86542,Nimbus,RETAINER SW WP_XW,PC,white,,Vietnam,0.0,2.00833734,1.779732346,2.1145,38.6,37.1,3.3,1.0,1.0,40187.0,0.033445179,Asia,,,
175.0,GDE86520,Nimbus,SKIN 1G SW WP CLIPSAL_XW,ABS,white,,Vietnam,0.0,2.010996192,62.08421457,64.58,115.3,85.0,68.2,1.9,2.0,33815.0,0.377324096,Asia,,,
176.0,NNZ42316,Nimbus,SKIN 1G SKT 10A WP CLIPSAL_BK,ABS,black,,Vietnam,0.0,2.010996192,59.60392232,62.0,115.3,85.0,68.2,1.9,2.0,2092.0,0.240771649,Asia,,,
177.0,NNZ42330,Nimbus,SKIN 1GXA SKT 10A WP PDL_BK,ABS,black,,Vietnam,0.0,2.010996192,70.17881177,73.0,115.3,85.0,80.9,1.9,2.0,20.0,0.433526854,Asia,,,
178.0,GDE86431,Nimbus,SKIN 2G SKT WP 10A CLIPSAL_XW,ABS,white,,Vietnam,0.0,2.010996192,59.60392232,62.0,115.3,85.0,68.2,1.9,2.0,257709.0,0.194041843,Asia,,,
179.0,NNZ42308,Nimbus,SKIN 2G SKT WP 10A PDL_XW,ABS,white,,Vietnam,0.0,2.010996192,59.60392232,62.0,115.3,85.0,68.2,1.9,2.0,5192.0,0.272182647,Asia,,,
180.0,GDE86468,Nimbus,BASE 2G SKT WP 10A_XW,PC,white,,Vietnam,0.0,2.00833734,19.54204192,23.2179,81.8,66.2,18.5,1.5,1.6,267072.0,0.122206915,Asia,,,
181.0,NNZ42317,Nimbus,SKIN 1G SKT 10A WP PDL_XW,ABS,white,,Vietnam,0.0,2.010996192,59.60392232,62.0,115.3,85.0,68.2,1.9,2.0,9944.0,0.259454704,Asia,,,
182.0,NNZ42280,Nimbus,SKIN 1G SW WP CLIPSAL_BK,ABS,black,,Vietnam,0.0,2.010996192,62.08421457,64.58,115.3,85.0,68.2,1.9,2.0,443.0,0.398427043,Asia,,,
183.0,NNZ14463,Nimbus,SKIN 1G SKT WP 10A CLIPSAL_XW,ABS,white,,Vietnam,0.0,2.010996192,60.08459912,62.5,115.3,85.0,68.2,1.9,2.0,44811.0,0.272969506,Asia,,,
184.0,NNZ42721,Nimbus,ROCKER SKT WP_BK,ABS,black,,Vietnam,0.0,2.010996192,1.442030379,1.5,29.5,17.7,7.8,1.9,2.0,3804.0,0.086787293,Asia,,,
185.0,GDE87663,Nimbus,GRID 1GXA SKT WP 10A,PC,white,,Vietnam,0.0,2.00833734,32.78772831,38.9551,97.4,78.7,39.1,1.6,2.0,610.0,0.340462835,Asia,,,
186.0,NNZ42327,Nimbus,SKIN 1GXA SKT 10A WP PDL_XW,ABS,white,,Vietnam,0.0,2.010996192,70.17881177,73.0,115.3,85.0,80.9,1.9,2.0,40.0,0.496397747,Asia,,,
187.0,NNZ87878,Nimbus,MEMBRANE SW,TPE,grey,,Vietnam,0.0,8.368072248,1.041873936,0.9425,35.7,35.7,3.2,0.4,0.5,39576.0,0.02860653,Asia,,,
188.0,NNZ42311,Nimbus,SKIN 2G SKT WP 10A PDL_BK,ABS,black,,Vietnam,0.0,2.010996192,59.60392232,62.0,115.3,85.0,68.2,1.9,2.0,2271.0,0.235901917,Asia,,,
189.0,NNZ42285,Nimbus,SKIN 1G SW WP PDL_XW,ABS,white,,Vietnam,0.0,2.010996192,62.08421457,64.58,115.3,85.0,68.2,1.9,2.0,3708.0,0.478961573,Asia,,,
190.0,GDE86462,Nimbus,GRID WP 2G SKT 10A,PC,white,,Vietnam,0.0,2.00833734,23.04242067,27.3767,97.4,78.7,22.8,1.6,2.0,267072.0,0.150870097,Asia,,,
191.0,GDE86481,Nimbus,MEMBRANE SKT WP_DY,TPE,grey,,Vietnam,0.0,8.368072248,0.794090336,0.71835,34.5,23.8,3.6,0.4,0.5,636088.0,0.029497463,Asia,,,
192.0,NNZ43082,Nimbus,CAP PUSH BUTTON WP_BK,ABS,black,,Vietnam,0.0,2.010996192,0.538358008,0.56,24.7,17.7,2.4,1.2,1.2,150.0,2.551031628,Asia,,,
193.0,NNZ42306,Nimbus,SKIN 2G SKT WP 10A CLIPSAL_BK,ABS,black,,Vietnam,0.0,2.010996192,59.60392232,62.0,115.3,85.0,68.2,1.9,2.0,1902.0,0.197708348,Asia,,,
194.0,NNZ14472,Nimbus,GRID WP SKT 1G 10A,PC,white,,Vietnam,0.0,2.00833734,23.80035351,28.2772,97.4,78.7,22.8,1.6,2.0,61146.0,0.153404564,Asia,,,
195.0,GDE86472,Nimbus,RETAINER SKT WP 10A_TPG,PC,Green,,Vietnam,0.0,3.096186732,3.330064809,3.95645,70.8,38.2,5.3,1.6,1.6,595902.0,0.045387988,Asia,,,
196.0,GDE86452,Nimbus,INDICATOR SKT ROCKER WP_TLG,PC,transparent,,Vietnam,0.0,4.853481904,0.286171198,0.34,25.7,5.4,3.9,1.9,2.0,515418.0,0.111407854,Asia,,,
197.0,GDE86417,Nimbus,PUSH BUTTON WP_TL,PC,transparent,,Vietnam,0.0,4.610765968,0.614426395,0.73,26.0,19.9,5.6,1.2,1.2,400.0,2.488275873,Asia,,,
287.0,48185-109-01,Marylin ,Push to Trip buttom ,PC,transparent,,Mexico,0.0,4.99,0.018,0.00169,1.02,0.38,0.23,0.984252,0.1985,50000.0,0.17,Mexico,,,
288.0,NNZ249628,Finger safe ,Cover real terminal,TPE ,black,,Mexico,0.0,4.5,0.1363,0.006,0.98,0.98,0.27,0.11,0.23622,5000.0,0.33,Mexico,,,
289.0,PHA37103,CAFI,Lug Insert,PBT,black,GF,Mexico,30.0,2.42,2.4474,3.72,35.433,26.594,11.836,1.5,1.5,16528818.0,0.0212,Mexico,,,
290.0,PHA37107,CAFI,Handle,PBT,grey,GF,Mexico,30.0,2.69,1.8285,2.7793,36.026,20.722,13.716,2.0,2.0,16528818.0,0.0264,Mexico,,,
291.0,PHA37122,CAFI,"Frame, CT Rigid BUS",PBT,black,GF,Mexico,30.0,2.42,0.5923,0.9003,37.973,32.712,9.1,1.0,1.0,16528818.0,0.0015,Mexico,,,
292.0,PHA37123,CAFI,LED Light Pipe,PC,Clear,,Mexico,0.0,5.21,0.1035,0.1232,10.668,9.258,3.928,1.5,1.5,16528818.0,0.0056,Mexico,,,
293.0,PHA37121,CAFI,Spring Protector,PBT,black,GF,Mexico,30.0,2.42,0.0458,0.0696,6.932,4.444,3.937,2.0,2.0,16528818.0,0.0045,Mexico,,,
294.0,PHA37117,CAFI,PTT Button,PBT,white,,Mexico,0.0,3.62,0.2392,0.3636,14.034,12.35,8.09,1.5,1.5,16528818.0,0.009,Mexico,,,
295.0,PHA37076,CAFI,"Base, QO PT",PBT,black,GF,Mexico,30.0,2.42,17.8549,27.1394,103.55,78.511,18.821,2.0,2.0,1041985.0,0.1922,Mexico,,,
296.0,PHA37075,CAFI,"Base, QO PON",PBT,black,GF,Mexico,30.0,2.42,17.8045,27.0628,103.55,78.511,18.821,2.0,2.0,3228605.0,0.1733,Mexico,,,
297.0,PHA37080,CAFI,"Base, HOM PON",PBT,black,GF,Mexico,30.0,2.42,17.4155,26.4716,103.546,71.78,21.914,2.0,2.0,11559110.0,0.154,Mexico,,,
298.0,PHA37081,CAFI,"Base, HOM PT",PBT,black,GF,Mexico,30.0,2.42,17.4155,26.4716,103.546,71.78,21.914,2.0,2.0,1062288.0,0.2031,Mexico,,,
299.0,MTR14210,Optimus,Main Base,PPE+PS,black,,Mexico,0.0,3.44,126.9809,139.679,167.977,164.091,97.613,2.5,2.5,159497.0,1.4584,Mexico,,,
300.0,MTR14208,Optimus,BUS Sheild,PPE+PS,black,,Mexico,0.0,3.44,65.3183,71.8501,132.245,117.557,54.065,2.5,2.5,224052.0,0.5652,Mexico,,,
301.0,MTR14363,Optimus,Cover Sheild QO,PPE+PS,black,,Mexico,0.0,3.44,50.7994,55.8793,133.119,91.516,54.94,2.5,2.5,62042.0,0.6231,Mexico,,,
320.0,PHA91259,Katla,SE Blank plug,PP,grey,,Poland,0.0,2.02,1.810526316,1.72,56.0,35.0,7.0,1.0,1.23,57056.0,0.095041639,New_Economy_Europe,,,
321.0,PHA91255,Katla,SE Jointing piece 100mm,PA6,Natural,,Poland,0.0,2.04,11.16363636,12.28,68.0,40.0,39.0,1.35,2.5,27124.0,0.136996902,New_Economy_Europe,,,
322.0,PHA91217,Katla,ELKO ring 12-23mm,PC,white,,Poland,0.0,1.83,6.822222222,9.21,65.0,65.0,23.0,1.65,3.2,1759796.0,0.055915607,New_Economy_Europe,,,
323.0,PHA91277,Katla,"SE Extension ring 6 mm, single box",PP,grey,,Poland,0.0,2.02,2.210526316,2.1,70.0,70.0,11.0,2.0,2.0,18037.0,0.10493092,New_Economy_Europe,,,
324.0,PHA91204,Katla,ELKO 1G box base ,PP+MB,red,,Poland,0.0,2.14,10.21052632,9.7,91.0,71.0,10.0,1.3,3.25,2661828.0,0.045032192,New_Economy_Europe,,,
325.0,PHA91253,Katla,Partition wall,PP,Natural,,Poland,0.0,2.14,5.410526316,5.14,64.0,54.0,11.0,1.5,2.6,288570.0,0.098301994,New_Economy_Europe,,,
326.0,PHA91242,Katla,ELKO Triple rigid stub,PA6,red,,Poland,0.0,2.04,12.45454545,13.7,67.0,42.0,40.0,1.4,3.7,484077.0,0.141190192,New_Economy_Europe,,,
327.0,PHA91191,Katla,SE 2G bottom 2sides open,PP,grey,,Poland,0.0,2.02,40.36842105,38.35,146.0,75.0,44.0,1.5,3.5,22424.0,0.21,New_Economy_Europe,,,
328.0,NVE83372,Pegaso,Neutral Contact Holder HR,PET,brown,GF35,Czech Republic,0.0,4.13,0.516,0.697,25.95,6.25,25.05,0.8,4.25,355873.0,0.0473,New_Economy_Europe,,,
329.0,PHA91250,Katla,ELKO Fire box lid 1G,PP,black,,Poland,0.0,1.7,7.821052632,7.43,70.0,70.0,25.0,1.0,2.23,68841.0,0.032968445,New_Economy_Europe,,,
330.0,PHA91258,Katla,SE ring 24-39mm,PC,blue,,Poland,0.0,1.83,13.82222222,18.66,65.0,65.0,39.0,1.63,3.5,24261.0,0.117499569,New_Economy_Europe,,,
331.0,PHA91200,Katla,ELKO 1G box top 9mm - 2 side open,PP+MB,red,,Poland,0.0,2.14,25.09473684,23.84,95.0,75.0,50.0,1.3,3.0,376050.0,0.105585605,New_Economy_Europe,,,
332.0,PHA91225,Katla,SE-1G standard Lid,PP,Green,,Poland,0.0,1.85,7.989473684,7.59,70.0,70.0,25.0,1.0,2.23,3667747.0,0.02760658,New_Economy_Europe,,,
333.0,PHA91268,Katla,SE- Board fixing 25mm,ABS  ,blue,,Poland,0.0,1.43,15.13043478,17.4,146.0,75.0,32.0,1.2,2.0,516727.0,0.146875238,New_Economy_Europe,,,
334.0,PHA91269,Katla,ELKO-Board fixing 25mm,ABS  ,white,,Poland,0.0,1.43,15.44347826,17.76,146.0,75.0,32.0,1.2,2.0,111420.0,0.092487472,New_Economy_Europe,,,
335.0,PHA91201,Katla,ELKO 1G box top 9mm - 3 side open,PP+MB,red,,Poland,0.0,2.14,24.43157895,23.21,95.0,75.0,50.0,1.3,3.0,1194041.0,0.129604296,New_Economy_Europe,,,
336.0,PHA91244,Katla,ELKO Cross combi stub,PA6,red,,Poland,0.0,2.04,14.63636364,16.1,99.0,57.0,44.0,1.35,3.25,7474.0,0.178674998,New_Economy_Europe,,,
337.0,PHA91197,Katla,SE Big 1.5G box 26mm Top,PP,grey,,Poland,0.0,2.02,19.62105263,18.64,146.0,75.0,32.0,1.5,2.4,2535.0,0.17006536,New_Economy_Europe,,,
338.0,NVE71873,Pegaso,Tripping sensor,POM,blue,,Czech Republic,0.0,2.35,0.111,0.158,7.5,9.45,9.04,2.8,5.75,6411000.0,0.0089,New_Economy_Europe,,,
339.0,PHA91206,Katla,ELKO 1.5G box top Horizontal 3 side open,PP+MB,red,,Poland,0.0,2.14,24.73684211,23.5,94.0,75.0,52.0,1.3,3.0,150791.0,0.181061719,New_Economy_Europe,,,
340.0,NVE71861,Pegaso,Toggle,PC,white,GF20,Hungary,0.0,6.97,0.834,1.193,15.91,16.47,14.3,3.0,11.25,6411000.0,0.0175,New_Economy_Europe,,,
341.0,PHA91181,Katla,SE 1G box top 12mm - 2 side open,PP,grey,,Poland,0.0,2.02,21.78947368,20.7,75.0,75.0,75.0,1.3,3.0,1029911.0,0.082553364,New_Economy_Europe,,,
342.0,NVE71869,Pegaso,Center pin plate,PPS,Nat,GF40,Hungary,0.0,4.5,0.784,1.521,20.14,13.55,21.28,3.7,13.1,6411000.0,0.0192,New_Economy_Europe,,,
343.0,PHA91198,Katla,ELKO 1G box top 9mm  - 1 side open,PP+MB,red,,Poland,0.0,2.14,26.27368421,24.96,95.0,75.0,50.0,1.3,3.0,93450.0,0.111783045,New_Economy_Europe,,,
344.0,PHA91182,Katla,SE 1G box top 12mm - 3 side open,PP,grey,,Poland,0.0,2.02,20.2,19.19,75.0,75.0,75.0,1.3,3.0,1363903.0,0.079387161,New_Economy_Europe,,,
345.0,PHA91230,Katla,ELKO 1.5G lid,PP,red,,Poland,0.0,1.7,11.34736842,10.78,89.0,70.0,25.0,1.5,2.5,621566.0,0.087291339,New_Economy_Europe,,,
346.0,PHA91186,Katla,SE 1G box base,PP,grey,,Poland,0.0,2.02,7.894736842,7.5,71.0,71.0,10.0,1.5,3.25,4173175.0,0.034526674,New_Economy_Europe,,,
347.0,PHA91252,Katla,ELKO Fire box lid 2G,PP,black,,Poland,0.0,1.7,16.91578947,16.07,141.0,70.0,16.0,1.2,1.5,1336.0,0.24346905,New_Economy_Europe,,,
348.0,PHA91212,Katla,ELKO Big 1G box 13mm Top,PP+MB,red,,Poland,0.0,2.14,14.94736842,14.2,146.0,75.0,20.0,1.5,2.4,49958.0,0.14061187,New_Economy_Europe,,,
349.0,PHA91190,Katla,SE Big box 1G Bottom,PP,grey,,Poland,0.0,2.02,41.54736842,39.47,146.0,75.0,44.0,1.5,3.5,8117.0,0.229,New_Economy_Europe,,,
350.0,PHA91195,Katla,SE 1G box top 12mm - 0 side open,PP,grey,,Poland,0.0,2.02,24.15789474,22.95,75.0,75.0,75.0,1.3,3.0,156000.0,0.090947147,New_Economy_Europe,,,
351.0,NVE99940,Pegaso,Curt closing catch,POM,Green,,Hungary,0.0,3.37,0.167,0.237,9.325,11.1,11.15,0.9,3.0,6411000.0,0.0071,New_Economy_Europe,,,
352.0,PHA91237,Katla,SE Triple rigid stub,PA6,Green,,Poland,0.0,2.04,12.59090909,13.85,67.0,42.0,40.0,1.4,3.7,22477.0,0.094115446,New_Economy_Europe,,,
353.0,PHA91205,Katla,ELKO 1.5G box top vertical 2 side open,PP+MB,red,,Poland,0.0,2.14,25.8,24.51,94.0,75.0,52.0,1.3,3.0,86837.0,0.123655021,New_Economy_Europe,,,
354.0,AAV43679,Pegaso,IP flap,Pa6,grey,GF20,Hungary,0.0,3.5,0.056,0.074,2.25,7.05,6.0,0.7,2.25,27600000.0,0.0027,New_Economy_Europe,,,
355.0,PHA91226,Katla,ELKO 1G standard lid,PP,red,,Poland,0.0,1.7,7.789473684,7.4,70.0,70.0,25.0,1.0,2.23,1842787.0,0.035284296,New_Economy_Europe,,,
356.0,NVE10991,Pegaso,Tripping bar,PBT,blue,GF20,Czech Republic,0.0,4.66,0.382,0.554,17.1,8.3,17.96,2.3,7.25,722000.0,0.0346,New_Economy_Europe,,,
357.0,PHA91193,Katla,SE 2G Box bottom 1 side open,PP,grey,,Poland,0.0,2.02,41.62105263,39.54,146.0,75.0,44.0,1.5,3.5,23652.0,0.214,New_Economy_Europe,,,
358.0,PHA91240,Katla,ELKO Single rigid 25mm stub,PA6,red,,Poland,0.0,2.04,8.636363636,9.5,99.0,57.0,44.0,1.5,3.7,8028.0,0.15486001,New_Economy_Europe,,,
359.0,PHA91194,Katla,SE Big 1G box 13mm Top,PP,grey,,Poland,0.0,2.02,15.11578947,14.36,146.0,75.0,20.0,1.5,2.4,8117.0,0.144048529,New_Economy_Europe,,,
360.0,PHA91236,Katla,SE Rigid double stub,PA6,green,,Poland,0.0,2.04,11.00909091,12.11,66.0,45.0,40.0,1.5,3.7,5832782.0,0.0530822,New_Economy_Europe,,,
361.0,PHA91196,Katla,SE Big 1.5G box 13mm Top,PP,grey,,Poland,0.0,2.02,14.84210526,14.1,146.0,75.0,20.0,1.5,2.4,1792.0,0.171346011,New_Economy_Europe,,,
362.0,PHA91192,Katla,SE 2G Top,PP,grey,,Poland,0.0,2.02,12.71578947,12.08,146.0,75.0,20.0,1.5,2.6,41749.0,0.119671225,New_Economy_Europe,,,
363.0,PHA91188,Katla,SE 1.5G box top 3 side open,PP,grey,,Poland,0.0,2.02,24.63157895,23.4,94.0,75.0,52.0,1.3,3.0,262409.0,0.103826386,New_Economy_Europe,,,
364.0,PHA91229,Katla,SE-1.5G Lid,PP,Green,,Poland,0.0,1.85,11.28421053,10.72,89.0,70.0,25.0,1.5,2.5,289650.0,0.060413877,New_Economy_Europe,,,
365.0,PHA91267,Katla,Board fixing 21mm,ABS  ,white,,Poland,0.0,1.43,13.73913043,15.8,146.0,75.0,32.0,1.2,2.0,46151.0,0.152135618,New_Economy_Europe,,,
366.0,PHA91261,Katla,SE Extension ring 1.5 box 6mm,PP,grey,,Poland,0.0,2.02,4.031578947,3.83,94.0,75.0,11.0,1.3,1.83,11991.0,0.105898173,New_Economy_Europe,,,
367.0,PHA91184,Katla,SE 1G box top 24mm - 2 side open,PP,grey,,Poland,0.0,2.02,25.75789474,24.47,75.0,75.0,67.0,1.3,3.0,256292.0,0.089698065,New_Economy_Europe,,,
368.0,PHA91180,Katla,SE 1G box top 12mm - 1 side open,PP,grey,,Poland,0.0,2.02,22.73684211,21.6,75.0,75.0,75.0,1.3,3.0,362109.0,0.086376657,New_Economy_Europe,,,
369.0,NVE71875,Pegaso,Neutral Contact Holder LR,PET,Nat,GF35,Czech Republic,0.0,4.13,0.531,0.717,25.95,6.45,25.05,0.8,5.0,6054982.0,0.0152,New_Economy_Europe,,,
370.0,PHA91215,Katla,ELKO Big 1.5G box 26mm Top,PP+MB,red,,Poland,0.0,2.14,19.64210526,18.66,146.0,75.0,32.0,1.5,2.4,2125.0,0.191897767,New_Economy_Europe,,,
371.0,PHA91210,Katla,ELKO 2G top,PP+MB,red,,Poland,0.0,2.14,12.73684211,12.1,146.0,75.0,20.0,1.5,2.6,60253.0,0.126284018,New_Economy_Europe,,,
372.0,PHA91241,Katla,ELKO Rigid double stub,PA6,red,,Poland,0.0,2.04,10.92727273,12.02,66.0,45.0,40.0,1.5,3.7,6444812.0,0.060083975,New_Economy_Europe,,,
373.0,PHA91218,Katla,ELKO ring 24-51mm,PC,white,,Poland,0.0,1.83,13.32592593,17.99,65.0,65.0,51.0,1.63,3.5,217479.0,0.101642293,New_Economy_Europe,,,
374.0,PHA91183,Katla,SE 1G box top 24mm - 1 side open,PP,grey,,Poland,0.0,2.02,27.01052632,25.66,75.0,75.0,67.0,1.3,3.0,37640.0,0.096668754,New_Economy_Europe,,,
375.0,PHA91260,Katla,ELKO Blank plug,PP+MB,red,,Poland,0.0,2.14,1.810526316,1.72,56.0,35.0,7.0,1.0,1.23,113682.0,0.095149219,New_Economy_Europe,,,
376.0,PHA91203,Katla,ELKO 1G box top 24mm - 3 side open,PP+MB,red,,Poland,0.0,2.14,28.83157895,27.39,95.0,75.0,50.0,1.3,3.0,65854.0,0.088301789,New_Economy_Europe,,,
377.0,PHA91209,Katla,ELKO 2GB bottom 2sides open,PP+MB,red,,Poland,0.0,2.14,40.31578947,38.3,146.0,75.0,44.0,1.5,3.5,60253.0,0.229,New_Economy_Europe,,,
378.0,PHA91219,Katla,Hybrid screw ring Wedge,PA6,Natural,GF,Poland,30.0,2.48,0.718518519,0.97,25.0,15.0,8.0,2.0,4.0,12068644.0,0.012855322,New_Economy_Europe,,,
379.0,PHA91189,Katla,SE 1.5G bottom part,PP,grey,,Poland,0.0,2.02,10.22105263,9.71,91.0,71.0,10.0,1.3,3.25,299889.0,0.039877171,New_Economy_Europe,,,
380.0,NVE71403,Pegaso,Phase Contact Holder,PET,Nat,GF35,Czech Republic,0.0,4.13,0.581,0.784,25.85,8.1,21.94,1.5,6.4,6411000.0,0.0157,New_Economy_Europe,,,
381.0,PHA91232,Katla,ELKO 2G Lid,PP,red,,Poland,0.0,1.7,17.05263158,16.2,141.0,70.0,16.0,1.2,1.5,58917.0,0.117031993,New_Economy_Europe,,,
382.0,PHA91216,Katla,SE ring 13-26mm,PC,Green,,Poland,0.0,1.83,8.281481481,11.18,65.0,65.0,26.0,1.58,3.4,4032785.0,0.048558624,New_Economy_Europe,,,
383.0,PHA91257,Katla,ELKO 1.5G box Verical 3 side open,PP+MB,red,,Poland,0.0,2.14,24.63157895,23.4,94.0,75.0,52.0,1.3,3.0,386193.0,0.181167698,New_Economy_Europe,,,
384.0,PHA91251,Katla,ELKO Fire box lid 1.5G,PP,black,,Poland,0.0,1.7,11.33684211,10.77,89.0,70.0,25.0,1.5,2.5,18981.0,0.067486603,New_Economy_Europe,,,
385.0,PHA91248,Katla,SE Fire box lid 1.5G,PP,black,,Poland,0.0,1.7,11.33684211,10.77,89.0,70.0,25.0,1.5,2.5,309.0,0.118913396,New_Economy_Europe,,,
386.0,PHA91238,Katla,SE flexiable double stub,PE,green,,Poland,0.0,1.68,14.10526316,13.4,66.0,45.0,40.0,1.4,4.5,4424629.0,0.05256453,New_Economy_Europe,,,
387.0,PHA91185,Katla,SE 1G box top 24mm - 3 side open,PP,grey,,Poland,0.0,2.02,24.42105263,23.2,75.0,75.0,67.0,1.3,3.0,804617.0,0.088301789,New_Economy_Europe,,,
388.0,PHA91187,Katla,SE 1.5G box top 2 side open,PP,grey,,Poland,0.0,2.02,25.73684211,24.45,94.0,75.0,52.0,1.3,3.0,23544.0,0.112574425,New_Economy_Europe,,,
389.0,PHA91231,Katla,SE 2G Lid,PP,Green,,Poland,0.0,1.85,16.92631579,16.08,141.0,70.0,16.0,1.2,1.5,40860.0,0.111876113,New_Economy_Europe,,,
390.0,PHA91239,Katla,SE Cross combi stub,PA6,Green,,Poland,0.0,2.04,14.63636364,16.1,99.0,57.0,44.0,1.35,3.25,52730.0,0.150687166,New_Economy_Europe,,,
391.0,PHA91234,Katla,ELKO Strain relief,PP+MB,red,,Poland,0.0,1.7,4.554455446,4.6,67.0,39.0,14.0,1.5,3.7,14694.0,0.081793088,New_Economy_Europe,,,
392.0,PHA91214,Katla,ELKO Big 1.5G box 13mm Top,PP+MB,red,,Poland,0.0,2.14,14.84210526,14.1,146.0,75.0,20.0,1.5,2.4,14600.0,0.140983075,New_Economy_Europe,,,
393.0,PHA91211,Katla,ELKO 1G big box Bottom,PP+MB,red,,Poland,0.0,2.14,41.55789474,39.48,146.0,75.0,44.0,1.5,3.5,49958.0,0.24,New_Economy_Europe,,,
394.0,PHA91233,Katla,SE Strain relief,PP,Green,,Poland,0.0,1.7,4.554455446,4.6,67.0,39.0,14.0,1.5,3.7,93141.0,0.083285484,New_Economy_Europe,,,
395.0,PHA91213,Katla,ELKO 1G box top 9mm  - 0 side open,PP+MB,red,,Poland,0.0,2.14,27.54736842,26.17,95.0,75.0,50.0,1.3,3.0,43200.0,0.114454748,New_Economy_Europe,,,
396.0,PHA91235,Katla,SE  Single rigid 25mm stub,PA6,Green,,Poland,0.0,2.04,8.636363636,9.5,67.0,42.0,40.0,1.5,3.7,17298.0,0.129603598,New_Economy_Europe,,,
397.0,PHA91249,Katla,SE Fire box lid 2G,PP,black,,Poland,0.0,1.7,16.93684211,16.09,141.0,70.0,16.0,1.2,1.5,889.0,0.1759498,New_Economy_Europe,,,
398.0,PHA91247,Katla,SE Fire box lid 1G,PP,black,,Poland,0.0,1.7,7.989473684,7.59,70.0,70.0,25.0,1.0,2.23,98662.0,0.027613738,New_Economy_Europe,,,
399.0,PHA91256,Katla,ELKO Jointing piece 90mm,PA6,Natural,,Poland,0.0,2.04,9.263636364,10.19,68.0,40.0,39.0,1.35,2.5,40015.0,0.133057792,New_Economy_Europe,,,
400.0,PHA91264,Katla,ELKO Extension ring 2G box 6mm,PP+MB,red,,Poland,0.0,2.14,5.6,5.32,142.0,71.0,11.0,1.3,1.83,14437.0,0.120424494,New_Economy_Europe,,,
401.0,PHA91208,Katla,ELKO 2G Box bottom 1 side open,PP+MB,red,,Poland,0.0,2.14,41.72631579,39.64,146.0,75.0,44.0,1.5,3.5,16726.0,0.242,New_Economy_Europe,,,
402.0,PHA91202,Katla,ELKO 1G box top 24mm - 2 side open,PP+MB,red,,Poland,0.0,2.14,30.11578947,28.61,95.0,75.0,50.0,1.3,3.0,137970.0,0.127180807,New_Economy_Europe,,,
403.0,PHA91263,Katla,"ELKO Extension ring 1,5 box 6mm",PP+MB,red,,Poland,0.0,2.14,4.042105263,3.84,94.0,75.0,11.0,1.3,1.83,291786.0,0.124228447,New_Economy_Europe,,,
404.0,PHA91262,Katla,SE Extension ring 2G box 6mm,PP,grey,,Poland,0.0,2.02,5.652631579,5.37,142.0,71.0,11.0,1.3,1.83,9956.0,0.117059097,New_Economy_Europe,,,
414.0,NVE16679,Pegaso,Case low rating screw/screw,Pa6,white,GF20,Hungary,0.0,2.95,11.612,15.56,84.8,70.75,17.25,1.3,1.3,4560000.0,0.0696,New_Economy_Europe,,,
415.0,NVE16692,Pegaso,Cover low rating screw/screw,Pa6,white,GF20,Hungary,0.0,2.95,11.483,15.387,84.8,70.75,14.0,1.6,1.6,4560000.0,0.0696,New_Economy_Europe,,,
416.0,NVE16695,Pegaso,"Intercase high rating, screw/screw",Pa6,white,GF20,Hungary,0.0,2.95,9.762,13.081,84.8,51.8,15.3,1.7,1.7,890000.0,0.1049,New_Economy_Europe,,,
417.0,NVE16720,Pegaso,"Intercase low rating , screw/screw",Pa6,white,GF20,Hungary,0.0,2.95,9.829,13.171,84.8,51.8,15.3,1.7,1.7,4560000.0,0.0714,New_Economy_Europe,,,
418.0,NVE10819,Pegaso,Case PS S/S LR,Pa6,white,GF20,Hungary,0.0,2.83,18.48,24.394,84.8,70.74,16.25,1.3,1.3,950000.0,0.133,New_Economy_Europe,,,
419.0,NVE10822,Pegaso,Cover PS S/S LR,Pa6,white,GF20,Hungary,0.0,2.83,13.624,17.984,84.8,70.74,13.85,1.3,1.3,950000.0,0.133,New_Economy_Europe,,,
420.0,NVE67266,Pegaso,Cover PN S/S LR,Pa6,white,GF20,Hungary,0.0,2.95,11.764,15.764,84.8,70.75,14.43,1.3,1.3,730000.0,0.1243,New_Economy_Europe,,,
421.0,NVE76818,Pegaso,Case PN S/S LR,Pa6,white,GF20,Hungary,0.0,2.95,11.57,15.504,84.8,70.75,13.45,1.55,1.55,730000.0,0.1242,New_Economy_Europe,,,
422.0,NVE78717,Pegaso,Cover PS S/S HR,Pa66/6T,white,GF30,Hungary,0.0,6.02,13.356,19.233,84.8,70.75,13.85,1.35,1.35,320000.0,0.3036,New_Economy_Europe,,,
423.0,NVE78715,Pegaso,Case PS S/S HR,Pa66/6T,white,GF30,Hungary,0.0,6.02,18.155,26.143,84.8,70.75,16.25,1.6,1.6,320000.0,0.3036,New_Economy_Europe,,,
424.0,NVE16319,Pegaso,Case high rating screw/screw,Pa6,white,GF20,Hungary,0.0,2.94,11.571,15.505,84.8,70.75,17.25,1.4,1.4,162182.0,0.1515,New_Economy_Europe,,,
425.0,NVE16691,Pegaso,Cover high rating screw/screw,Pa6,white,GF20,Hungary,0.0,2.94,11.493,15.401,84.8,70.75,14.0,1.4,1.4,162182.0,0.1515,New_Economy_Europe,,,
426.0,NVE10865,Pegaso,Case PS Screwless/Screw LR,Pa6,white,GF20,Hungary,0.0,2.83,18.742,25.114,84.8,70.74,15.86,1.5,1.5,22500.0,0.8024,New_Economy_Europe,,,
427.0,NVE10866,Pegaso,Cover PS Screwless/Screw LR,Pa6,white,GF20,Hungary,0.0,2.83,13.68,18.331,84.8,70.74,13.86,1.4,1.4,22500.0,0.8024,New_Economy_Europe,,,
428.0,NVE78718,Pegaso,Case PS Screwless/Screw HR,Pa66/6T,white,GF30,Hungary,0.0,6.02,18.409,26.509,84.8,70.74,15.86,1.4,1.4,100000.0,0.3641,New_Economy_Europe,,,
429.0,NVE78719,Pegaso,Cover PS Screwless/Screw HR,Pa66/6T,white,GF30,Hungary,0.0,6.02,13.389,19.28,84.8,70.74,13.86,1.25,1.25,100000.0,0.3641,New_Economy_Europe,,,
430.0,NVE42544,Pegaso,Case HR for SL/S,Pa6,white,GF20,Hungary,0.0,2.95,11.42,15.303,84.8,70.75,13.45,1.2,1.2,190000.0,0.1749,New_Economy_Europe,,,
431.0,NVE46177,Pegaso,Cover HR for SL/S,Pa6,white,GF20,Hungary,0.0,2.95,11.632,15.587,84.8,70.75,14.0,1.25,1.25,190000.0,0.1749,New_Economy_Europe,,,
432.0,NVE44047,Pegaso,Case SL/SL,Pa6,white,GF20,Hungary,0.0,2.95,12.65,16.951,84.8,70.75,13.45,1.65,1.65,900000.0,0.1119,New_Economy_Europe,,,
433.0,NVE44049,Pegaso,Cover SL/SL,Pa6,white,GF20,Hungary,0.0,2.95,11.507,15.419,84.8,70.75,14.0,1.65,1.65,900000.0,0.1119,New_Economy_Europe,,,
434.0,NVE44050,Pegaso,Case SL/S LR,Pa6,white,GF20,Hungary,0.0,2.95,11.43,15.316,84.8,70.75,13.45,1.3,1.3,90000.0,0.2524,New_Economy_Europe,,,
435.0,NVE44052,Pegaso,Cover SL/S LR,Pa6,white,GF20,Hungary,0.0,2.95,11.622,15.573,84.8,70.75,14.0,1.45,1.45,90000.0,0.2524,New_Economy_Europe,,,
436.0,NVE44594,Pegaso,Intercase HR for SLS,Pa6,white,GF20,Hungary,0.0,2.95,9.821,13.16,84.8,51.8,15.3,1.7,1.7,190000.0,0.174,New_Economy_Europe,,,
437.0,NVE44051,Pegaso,Intercase LR for SLS,Pa6,white,GF20,Hungary,0.0,2.95,9.961,13.348,84.8,51.8,15.3,1.7,1.7,85000.0,0.2758,New_Economy_Europe,,,
652.0,GEX53343,KYLIN,Switching housing 3P D115-150,SMC ,grey,,China,0.0,16.95,110.179,198.32,95.0,103.0,70.9,2.5,3.5,518170.0,5.742,China,,,
653.0,GEX75609,KYLIN,aux upper housing D115-150,PA6,grey,,China,0.0,20.15,4.81473,6.5,24.0,36.5,23.7,1.8,2.3,518170.0,0.276,China,,,
654.0,GEX75610,KYLIN,aux Lower housing D115-150,PA6,grey,,China,0.0,20.15,4.97785,6.72,24.0,36.5,23.7,1.8,2.3,518170.0,0.217,China,,,
655.0,GEX53358,KYLIN,Middle frame 3P D115-150,SMC ,grey,,China,0.0,16.95,126.274,227.29,95.0,119.0,56.02,2.5,3.5,518170.0,5.765,China,,,
656.0,GEX53359,KYLIN,Off damper D115-150,FRM,black,,China,0.0,400.0,0.93,1.02,5.9,36.0,10.4,2.0,2.5,1036340.0,1.5,China,,,
657.0,GEX53361,KYLIN,Guidance D115-150,PA46,Natural,,China,0.0,107.12,0.223076,0.26,12.8,8.2,5.1,1.5,2.2,1036340.0,0.122,China,,,
658.0,GEX53362,KYLIN,Core carrier 3P D115-150,PPA GF50,black,,China,0.0,63.65,11.6796,19.27,84.0,36.0,78.4,1.7,2.2,518170.0,2.025,China,,,
659.0,GEX53403,KYLIN,PCM 3P D115-150 (PCM frame),PPA,black,,China,0.0,63.5,16.7267,23.58,87.3,56.5,88.1,1.8,2.3,518170.0,2.134,China,,,
660.0,GEX53388,KYLIN,Mobile cage D115-150,SMC ,white,,China,0.0,16.95,2.08501,3.75,17.3,12.0,25.0,1.5,2.5,1554510.0,0.333,China,,,
661.0,GEX53520,KYLIN,Base 3P D115-150,PA6,grey,,China,0.0,19.45,142.364,192.19,95.0,150.0,48.0,2.5,3.2,518170.0,5.35,China,,,
662.0,GEX84181,KYLIN,Coil frame D115-150,PBT ,Natural,,China,0.0,43.86,28.1575,43.36,57.0,68.0,63.0,1.6,2.2,518170.0,2.977,China,,,
663.0,GEX53702,KYLIN,PCBA cover D115-150,PA6,grey,,China,0.0,20.15,4.24717,5.73,89.5,9.8,32.0,1.5,2.2,518170.0,0.315,China,,,
664.0,GEX53981,KYLIN,auxiliary cover D115-150,PA6,grey,,China,0.0,22.5,33.7021,45.5,95.0,97.0,23.3,1.6,2.3,518170.0,1.935,China,,,
665.0,GEX53983,KYLIN,connector box 3P D115-150,PA6,grey,,China,0.0,22.5,47.2374,63.77,95.0,23.1,91.0,1.6,2.3,430958.0,2.417,China,,,
666.0,GEX53993,KYLIN,lug IP20 bottom cover D115-150,PA6,grey,,China,0.0,20.15,1.68468,2.27,22.2,14.7,10.0,1.5,2.0,1292874.0,0.208,China,,,
667.0,GEX53994,KYLIN,lug IP20 top cover D115-150,PA6,grey,,China,0.0,20.15,0.982058,1.33,18.5,115.0,15.5,1.5,2.0,1292874.0,0.175,China,,,
668.0,GEX93533,KYLIN,lug IP20 bottom cover D115-150 for everlink version,PA6,grey,,China,0.0,20.15,0.740968,1.0,22.2,14.7,10.0,1.5,2.0,288678.0,0.179,China,,,
669.0,GEX54005,KYLIN,nut holder housing 3P D115-150,PA6,grey,,China,0.0,20.15,43.2679,58.41,95.0,40.0,42.0,1.7,2.3,40328.0,1.602,China,,,
670.0,PKR53668,KYLIN,phase barrier D115-150,PA6,grey,,China,0.0,20.15,0.925718,1.25,5.0,21.1,20.6,1.6,1.7,2072680.0,0.212,China,,,
671.0,PKR27034,GuangWu,transfer_main,PA6-G60,black,,China,,26.5,6.81,11.6,43.48,41.55,9.7,2.76,6.14,92225.0,0.919,China,,,
672.0,PKR27035,GuangWu,transfer_pre_trip,PA6-G60 ,black,,China,,26.5,6.67,11.3,47.1,38.5,9.7,2.86,5.68,92225.0,0.923,China,,,
673.0,PKR27141,GuangWu,gear_middle,PARA GF50,black,,China,,85.0,20.0,32.8,43.4,43.0,67.8,2.71,8.94,92225.0,8.811,China,,,
674.0,PKR27012,GuangWu,MSA GuangWu G2 main spring panel,PA6GF60,black,,China,,26.5,9.75,16.58,37.5,32.46,24.2,2.47,5.19,92225.0,4.695,China,,,
675.0,PKR27010,GuangWu,MSA GuangWu G2 pre spring panel,PA6GF60,black,,China,,26.5,5.1,8.67,32.0,20.0,16.0,2.27,7.49,92225.0,3.082,China,,,
676.0,PKR27033,GuangWu,MP GuangWu G2 G2 motor connect gear,PAA GF50,black,,China,,85.0,9.7,15.9,43.5,43.5,20.2,1.75,3.72,92225.0,3.119,China,,,
677.0,	PKR27032,GuangWu,MP GuangWu G2 main gear,PAA GF50,black,,China,,85.0,9.92,16.27,52.29,47.43,8.0,2.03,6.2,92225.0,4.015,China,,,
678.0,PKR27031,GuangWu,MP GuangWu G2 main driver  gear,PAA GF50,black,,China,,85.0,8.7,14.26,54.31,51.25,8.0,1.88,6.39,92225.0,3.389,China,,,
679.0,PKR24045,GuangWu,MP GUANGWU G2-400 MAIN CONTACT HOLDER,	PA66 GF25 FR,black,,China,,40.0,19.06,27.7,31.13,37.66,49.0,2.41,8.45,111650.0,2.643,China,,,
680.0,PKR24039,GuangWu,MP GUANGWU G2-400 MAIN BC HSG A,BMC,grey,,China,,10.1,69.677,125.42,121.0,80.7,30.0,3.0,6.0,111650.0,3.321,China,,,
681.0,PKR24040,GuangWu,MP GUANGWU G2-400 MAIN BC HSG B,BMC,grey,,China,,10.1,75.248,135.45,121.0,80.7,30.0,3.0,6.0,111650.0,3.461,China,,,
682.0,PKR22362,GuangWu,MP GuangWu G1 Pre BC Hsg A,BMC,grey,,China,,10.1,68.638,123.55,104.0,80.0,30.2,3.0,5.5,92225.0,3.987,China,,,
683.0,PKR22363,GuangWu,MP GuangWu G1 Pre BC Hsg B,BMC,grey,,China,,10.1,40.453,72.82,104.1,80.2,24.1,3.0,4.8,92225.0,2.757,China,,,
684.0,PKR22364,GuangWu,MP GuangWu G1 Pre Contact Holder A,PAA GF50,grey,,China,,95.85,5.04,8.46,25.0,25.0,31.9,1.79,5.31,92225.0,1.382,China,,,
685.0,PKR22365,GuangWu,MP GuangWu G1 Pre Contact Holder B,PAA GF50,grey,,China,,95.85,3.71,6.24,18.0,18.0,26.75,1.91,4.9,92225.0,1.233,China,,,
686.0,PKR24056,GuangWu,MP GuangWu G1 Pre Contact Holder C,PAA GF50,grey,,China,,95.85,3.75,5.8,27.8,18.6,16.3,1.61,4.62,92225.0,1.256,China,,,
687.0,PKR22367,GuangWu,MP GuangWu G1 Pre Magnet Hsg,	PA66 GF25 FR,grey,,China,,40.0,0.52,0.78,15.12,10.62,12.5,1.1,2.33,368900.0,0.183,China,,,
688.0,PKR24047,GuangWu,MP GuangWu G2-400 EXT OF Hsg,"PC FR
",grey,,China,,24.2,10.26,11.95,41.9,35.95,35.7,1.31,2.92,92225.0,0.84,China,,,
689.0, PKR22376,GuangWu,MP GUANGWU EXT OF SUB HSG,"PC FR
",grey,,China,,24.2,8.25,9.8,63.45,29.2,35.8,1.5,4.0,92225.0,0.769,China,,,
690.0,PKR24048,GuangWu,MP GuangWu G2-400 EXT OF Cover,"PC FR
",grey,,China,,24.2,16.08,20.0,80.0,104.0,10.6,1.36,1.94,92225.0,1.783,China,,,
691.0,PKR24049,GuangWu,MP GuangWu G2-400 Pre Ext OF trigger A,PAA GF50,black,,China,,85.0,1.07,1.75,20.97,37.0,10.8,1.88,4.71,92225.0,0.378,China,,,
692.0,PKR24051,GuangWu,MP GuangWu G2-400 Main Ext OF trigger A,PAA GF50,black,,China,,85.0,0.55,0.9,31.6,9.85,1.85,1.46,1.85,92225.0,0.269,China,,,
693.0,PKR24052,GuangWu,MP GuangWu G2-400 Main Ext OF trigger B,PAA GF50,black,,China,,85.0,1.54,2.5,53.4,14.3,5.8,2.18,4.8,92225.0,0.445,China,,,
694.0,PKR32311,GuangWu,MP GUANGWU PCBA UPGRADE COVER,PC FR,grey,,China,,24.2,0.77,0.93,31.0,17.5,3.75,1.07,1.93,92225.0,0.183,China,,,
695.0,PKR27111,GuangWu,MP GuangWu G1 cover,BMC,grey,,China,,10.1,184.828,332.69,204.5,120.0,51.4,4.0,5.3,92225.0,6.612,China,,,
696.0,PKR37008,GuangWu,MP GuangWu G1 support base,BMC,grey,,China,,10.1,186.09,334.96,204.5,120.0,50.5,5.5,7.0,92225.0,6.648,China,,,
697.0,PKR28553,GuangWu,MP GUANGWU G1 INDICATOR CONNECTION,PA6-G60,black,,China,,26.5,0.5,0.85,23.85,8.0,6.0,1.1,2.9,184450.0,0.188,China,,,
698.0,PKR28556,GuangWu,MP GUANGWU G1 DRIVE INDICATOR,PA6-G60,black,,China,,26.5,0.94,1.6,37.5,14.2,6.75,0.96,2.78,184450.0,0.212,China,,,
699.0,PKR28554,GuangWu,MP GUANGWU G1 INDICATOR SHEET,PC FR,grey,,China,,24.2,1.55,1.84,26.25,16.97,14.3,1.29,3.1,184450.0,0.573,China,,,
700.0,PKR46790,GuangWu,MP GUANGWU G1 INDICATOR SHEET Main,"PC FR
LUPOY EF1006F-GREY EI122
LG",grey,,China,,24.2,1.56,1.85,28.08,16.97,14.3,1.26,2.98,184450.0,0.573,China,,,
701.0,PKR59579,GuangWu,handle shell,PC FR,grey,,China,,24.2,1.59,2.15,27.0,27.0,41.9,0.83,1.15,92225.0,0.29,China,,,
702.0,JYT46719,Ruby Plus,MP WOTPC CELL TOP COVER,PC,transparent,,China,,42.51,54.93,45.4,139.6,115.0,15.0,2.5,3.0,5084.0,5.089,China,,,
703.0,JYT46718,Ruby Plus,MP WOTPC RIGHT COVER,PC ,transparent,,China,,30.7,127.5,154.3,240.0,160.0,24.0,2.0,2.5,5084.0,12.831,China,,,
704.0,JYT36751,Ruby Plus,MP WOTPC CELL TOP COVER,PC ,transparent,,China,,42.51,66.52,80.49,179.6,115.0,15.0,2.0,2.5,4207.0,7.133,China,,,
705.0,NNZ80984,Ruby Plus,MP WOTPC TRANSFORMER FRAME,PC,grey,,China,,34.17,36.98,46.59,126.0,49.5,37.2,2.0,3.0,9292.0,2.872,China,,,
706.0,NNZ39034,Ruby Plus,MP WOTPC MANUAL OPERATE GEAR,PA66GF30,Natural,,China,,52.29,9.866,13.52,52.0,52.7,15.3,2.5,3.5,5084.0,2.081,China,,,
707.0,JYT28525,Ruby Plus,MP WOTPC MANUAL WHEEL,PA6GF60 ,black,,China,,27.5,20.54,34.91,65.0,65.0,22.8,2.5,3.5,5084.0,4.608,China,,,
708.0,NNZ94309,Ruby Plus,MP WOTPC SYNCHRO GEAR3,PA66GF30,black,,China,,52.29,10.57,14.49,36.0,36.0,36.2,3.5,9.0,8415.0,2.482,China,,,
709.0,NNZ94308,Ruby Plus,MP WOTPC SYNCHRO GEAR2,PA66GF30,Natural,,China,,52.29,7.073,9.69,46.0,46.0,15.2,2.5,9.0,4207.0,2.141,China,,,
710.0,NNZ94307,Ruby Plus,MP WOTPC SYNCHRO GEAR1,PA66GF30,Natural,,China,,52.29,10.28,14.09,40.0,40.0,15.3,3.0,3.5,12622.0,2.053,China,,,
711.0,JYT65900,Ruby Plus,MP WOTPC MANUAL OPERATE GEAR SA,PA6GF60 ,black,,China,,27.5,24.79,42.15,65.0,65.0,22.8,3.0,4.0,4207.0,5.19,China,,,
712.0,JYT19503,Ruby Plus,MP WOTPC T2 MANUAL OPERATE half GEAR ,PA66GF30,Natural,,China,,52.29,6.177,8.462,38.0,42.8,15.3,2.5,3.0,4207.0,1.746,China,,,
713.0,NNZ38997,Ruby Plus,MP WOTPC DRIVE ARM,PAA GF50,black,,China,,84.0,13.81,22.65,62.7,57.8,24.8,3.0,4.0,13499.0,4.563,China,,,
714.0,NNZ38958,Ruby Plus,MP WOTPC MANUAL HANDLE,PCGF10 ,Green,,China,,34.17,23.88,30.09,153.0,55.7,9.8,2.5,3.0,9292.0,6.964,China,,,
715.0,JYT94443,Ruby Plus,MP WOTPC INDICATOR CLOSE LOCK,PA66 GF25 ,grey,,China,,34.17,1.038,1.308,35.18,11.74,11.6,1.5,3.5,9292.0,0.649,China,,,
716.0,JYT96842,Ruby Plus,MP WOTPC INDICATOR CLOSE LOCK,PA66 GF25 ,grey,,China,,34.17,1.733,2.183,23.67,35.53,25.5,2.5,2.0,8415.0,0.797,China,,,
717.0,NNZ39070,Ruby Plus,MP WOTPC INDICATOR,PA6GF60 ,black,,China,,27.5,16.44,27.96,65.0,45.8,55.7,3.0,4.0,9292.0,2.492,China,,,
718.0,JYT28240,Ruby Plus,MP WOTPC LIGHT GUIDE,PC,transparent,,China,,33.44,6.6,8.07,60.0,28.0,35.8,2.5,5.0,9292.0,1.761,China,,,
719.0,JYT40868,Ruby Plus,MP WOTPC ROTARY KNOB,PC GF10 ,Yellow,,China,,109.65,7.042,8.873,20.0,20.0,98.4,2.0,3.5,9292.0,2.995,China,,,
720.0,JYT66806,Ruby Plus,SHORT TERMINAL SHIELD FOR RUBY4,PA66 GF25 ,grey,,China,,34.17,163.6,208.47,180.0,104.75,76.25,2.0,3.0,224.0,16.822,China,,,
721.0,JYT98301,Ruby Plus,SHORT TERMINAL SHIELD FOR RUBY4,PA6GF60,black,,China,,27.5,2.6,4.31,43.2,21.2,4.6,3.2,4.6,9292.0,0.928,China,,,
722.0,JYT95997 ,Ruby Plus,SHORT TERMINAL SHIELD FOR RUBY4,PA66 GF25 ,grey,,China,,40.0,0.177,0.19,21.6,10.8,2.8,1.0,1.5,9292.0,0.516,China,,,
723.0,NNZ38995,Ruby Plus,MP WOTPC CENTRAL WHEEL,PAA GF50,black,,China,,84.0,45.1,69.05,65.0,76.0,56.5,3.0,6.0,13499.0,10.985,China,,,
724.0,JYT28237,Ruby Plus,MP WOTPC  FLIP COVER,PC,transparent,,China,,42.51,37.0,45.16,127.0,94.7,53.7,2.0,2.5,9292.0,4.208,China,,,
725.0,JYT48935,Ruby Plus,MP WOTPC RIGHT COVER BACK,PC,grey,,China,,27.5,216.9,262.4,270.0,90.0,73.5,2.5,3.5,4207.0,11.745,China,,,
726.0,JYT36752,Ruby Plus,MP WOTPC RIGHT COVER,PC,grey,,China,,27.5,254.1,307.4,270.0,90.0,91.5,2.7,3.8,4207.0,16.114,China,,,
727.0,JYT36111,Ruby Plus,MP WOTPC WIRING BOAD,PC,grey,,China,,27.5,7.483,9.055,60.0,42.0,18.1,1.5,2.0,9292.0,0.915,China,,,
728.0,JYT12643,Ruby Plus,MP WOTPC BOBBINE BONE,PA66 GF25,grey,,China,,30.3,19.6,25.2,54.5,45.5,59.5,1.5,1.8,26998.0,1.825,China,,,
729.0,NNZ39024,Ruby Plus,MP WOTPC ACTUATOR HEAD,PAA GF50 ,black,,China,,77.6,1.66,2.722,38.1,12.0,9.5,1.5,3.0,26998.0,1.639,China,,,
730.0,NNZ39030,Ruby Plus,MP WOTPC MAIN SPRING SUPPORT,PAA GF50 ,black,,China,,77.6,6.128,10.05,66.0,24.0,20.0,3.0,5.0,26998.0,2.261,China,,,
731.0,JYT76882,Ruby Plus,MP WOTPC BREAKER CELL UNDER PLATE,PA66 GF25 ,grey,,China,,27.5,34.9,38.0,139.0,104.0,6.8,1.8,2.4,5084.0,3.687,China,,,
732.0,NNZ39261,Ruby Plus,MP WOTPC OF CONTACT DOWN LEVER,PCGF10 ,grey,,China,,32.46,1.26,2.0,40.3,17.3,11.0,1.5,2.7,55750.0,0.295,China,,,
733.0,JYT58219,Ruby Plus,MP WOTPC POLE BLOCK,PA66GF30,Natural,,China,,64.29,4.0,4.9,43.8,13.5,23.2,2.5,3.5,13499.0,1.522,China,,,
734.0,JYT60101,Ruby Plus,MP WOTPC POLE BLOCK RIGHT,PA66GF30,Natural,,China,,64.29,4.0,4.9,43.8,13.5,23.2,2.5,3.5,13499.0,1.522,China,,,
735.0,JYT28244,Ruby Plus,MP WOTPC AUTO/MANUAL HOLDER,PC,grey,,China,,27.5,3.6,4.3,38.7,22.4,16.8,1.5,1.8,9292.0,0.58,China,,,
736.0,JYT32542,Ruby Plus,MP WOTPC CONTACT HOUSING LEFT,BMC ,grey,,China,,12.72,250.5,446.0,202.0,153.0,42.0,3.0,8.5,16830.0,14.553,China,,,
737.0,JYT32543,Ruby Plus,MP WOTPC CONTACT HOUSING RIGHT,BMC ,grey,,China,,12.72,248.0,437.0,202.0,158.0,45.0,3.0,8.5,16830.0,14.362,China,,,
738.0,JYT40840,Ruby Plus,MP WOTPC CONTACT HOUSING LEFT,BMC ,grey,,China,,12.72,167.2,320.9,155.0,151.5,31.5,3.5,11.0,20337.0,8.546,China,,,
739.0,JYT40843,Ruby Plus,MP WOTPC CONTACT HOUSING RIGHT,BMC ,grey,,China,,12.72,161.4,309.8,155.0,150.0,23.9,3.5,11.0,20337.0,8.213,China,,,
740.0,	JYT41518,Ruby Plus,MP WOTPC BREAKER CELL SOURCE CASE,PA66 GF25,grey,,China,,30.7,191.7,241.6,139.4,167.39,60.8,3.0,4.0,5084.0,13.409,China,,,
741.0,JYT41520,Ruby Plus,MP WOTPC BREAKER CELL SOURCE CASE,PA66 GF25 ,grey,,China,,30.7,258.6,325.9,139.4,160.0,101.0,3.0,4.6,5084.0,16.962,China,,,
742.0,JYT32889,Ruby Plus,MP WOTPC BREAKER TOP COVER,PA66 GF25 ,grey,,China,,30.7,261.7,329.8,180.0,122.5,160.0,2.1,3.5,4207.0,21.793,China,,,
743.0,JYT32890,Ruby Plus,MP WOTPC BREAKER BOTTOM COVER,PA66 GF25 ,grey,,China,,30.7,294.6,371.1,180.0,60.7,167.2,2.0,3.1,4207.0,16.081,China,,,
744.0,NNZ38959,Ruby Plus,MP WOTPC MANUAL COVER,PC,grey,,China,,30.7,20.47,24.77,103.15,72.3,15.4,2.0,3.0,8722.0,5.617,China,,,
745.0,JYT32530,Ruby Plus,MP WOTPC CONTACT HOLDER,PA66 GF25 ,grey,,China,,27.55,42.42,63.2,61.5,45.0,51.0,4.0,7.5,16830.0,3.753,China,,,
746.0,JYT40845,Ruby Plus,MP WOTPC CONTACT HOLDER,PA66 GF25 ,grey,,China,,27.55,19.88,29.63,35.0,46.2,39.7,4.0,7.5,20337.0,2.551,China,,,
747.0,JYT35914,Ruby Plus,MP WOTPC HOLDER DRIVER LEFT,PAA GF50 ,grey,,China,,84.0,13.96,22.9,32.408,62.1,16.75,4.0,6.0,4207.0,6.807,China,,,
748.0,JYT35915,Ruby Plus,MP WOTPC HOLDER DRIVER RIGHT,PAA GF50 ,grey,,China,,84.0,13.9,22.79,32.408,62.1,15.35,4.0,6.0,4207.0,6.807,China,,,
749.0,	JYT40856,Ruby Plus,MP WOTPC HOLDER DRIVER,PAA GF50,grey,,China,,84.0,13.46,22.07,61.6,46.2,13.7,4.15,6.4,5084.0,6.223,China,,,
750.0,JYT50812,Ruby Plus,MP WOTPC SYNCHRO LEVER,PAA GF50 ,black,,China,,84.0,43.85,71.92,20.0,20.0,217.0,4.0,7.0,4207.0,11.161,China,,,
751.0,NNZ48510,Ruby Plus,MP WOTPC MECH TOP COVER,PC,grey,,China,,29.7,454.2,549.6,300.0,196.0,124.0,3.0,4.0,8722.0,28.372,China,,,
752.0,JYT59624,Ruby Plus,MP WOTPC MECH TOP COVER,PC,grey,,China,,29.7,454.3,549.7,300.0,196.0,124.0,3.0,4.0,570.0,38.032,China,,,
753.0,NNZ80988,Ruby Plus,MP WOTPC MECH CONTROLLER FRAME,PCGF10,grey,,China,,30.7,117.3,147.8,293.0,85.0,88.1,2.0,2.5,9292.0,10.506,China,,,
754.0,NNZ48511,Ruby Plus,MP WOTPC MECH UNDER COVER,PC ,grey,,China,,29.7,412.9,499.7,300.0,187.0,80.1,3.0,3.7,9292.0,23.5,China,,,
755.0,JYT48014,Ruby Plus,MP WOTPC TERMINAL BOX,PA66 GF25 ,grey,,China,,27.55,7.119,10.61,27.44,36.0,17.8,1.8,2.5,50489.0,0.667,China,,,
756.0,JYT67326,Ruby Plus,R3 BREAKER CELL CASE PLUG 3P,PA66 GF25 ,grey,,China,,27.55,4.2,6.257,68.2,17.8,4.0,3.75,4.0,915.0,1.136,China,,,
757.0,JYT75323,Ruby Plus,MP WOTPC BREAKER CELL CASE PLUG R4 3P,PA66 GF25 ,grey,,China,,27.55,5.696,8.487,55.0,30.0,22.0,2.0,2.5,757.0,1.247,China,,,
758.0,GEX56754/GEX60070/GEX60071,Changan,Lower Case,PC GF10 ,grey,,Tianjing Dongming,0.0,25.0,39955.9,50.3,191.4,53.6,59.7,1.5,1.8,63653.0,3.46,China,,,
759.0,GEX56755/60073,Changan,Upper Case,PC GF10 ,grey,,Tianjing Dongming,0.0,25.0,30215.4,38.1,188.5,58.1,34.3,1.6,1.8,63653.0,2.8,China,,,
760.0,GEX60072,Changan,Upper case,PC GF10,grey,,Tianjing Dongming,0.0,25.0,30215.4,38.1,50.0,29.2,10.1,1.6,1.8,63653.0,2.8,China,,,
761.0,GEX56757,Changan,Batter cover,PC GF10 ,grey,,Tianjing Dongming,0.0,25.0,2548.13,3.2,65.4,50.0,4.0,1.6,2.0,63653.0,0.51,China,,,
762.0,GEX56758,Changan,lighting guide,PC transparent,transparent,,Tianjing Dongming,0.0,35.0,3381.44,4.0,21.5,12.0,7.25,3.0,4.0,63653.0,0.5,China,,,
763.0,GEX56760,Changan,usb blank cover,PC GF10 FR(40) GREY,grey,,Tianjing Dongming,0.0,30.0,848.243,1.1,39.5,20.0,14.9,0.8,1.0,63653.0,0.49,China,,,
764.0,GEX56759,Changan,Transparent_Cover,PC transparent,transparent,,Tianjing Dongming,0.0,35.0,5982.61,7.1,65.4,50.0,4.0,2.0,2.5,63653.0,0.67,China,,,
765.0,GEX56756,Changan,Zigbee button,PC GF10 ,grey,,Tianjing Dongming,0.0,25.0,666.0,0.8,34.0,18.0,3.75,1.2,2.0,63653.0,0.42,China,,,
766.0,GEX56761,Changan,LED_Button,RUBBER,grey,,Rega,0.0,160.0,600.0,0.5,22.0,22.0,6.0,5.0,6.0,63653.0,0.42,China,,,
767.0,GEX56772/PKR23480,Changan,switch extension,PARA,blue,,Tianjing Dongming,0.0,80.0,32.4,0.1,3.2,3.5,3.0,2.0,4.0,166000.0,0.56,China,,,
768.0,GEX53974,Changan,front cover B2,PC GF10,grey,,Suzhou Tontec,0.0,30.0,1031101.0,1299.2,214.0,207.0,85.0,3.0,4.0,8136.0,21.71,China,,,
769.0,GEX53973,Changan,front cover B1,PC GF10,grey,,Suzhou Tontec,0.0,30.0,290000.0,365.4,374.0,298.0,132.0,4.0,5.0,8136.0,62.76,China,,,
770.0,4442836,Changan,lower half housing,PET GF15 FR(17),Natural,,ACE,0.0,40.0,27557.1,42.2,130.0,105.5,60.4,0.7,0.9,8136.0,3.47,China,,,
771.0,4442837,Changan,upper half housing,PET GF15 FR(17),Natural,,ACE,0.0,40.0,32171.6,49.2,130.0,105.5,38.7,0.7,0.9,8136.0,3.63,China,,,
772.0,NNZ22440,Marylin,"TRIM COVER, PP-L UM",PC,grey,,MX,,4.26,77.96,94.33,134.0,147.0,29.0,2.5,6.0,63000.0,0.93,Mexico,,,
773.0,NNZ22441,Marylin,"TRIM COVER, PP-L IL",PC,grey,,MX,,4.26,90.9,110.0,151.0,162.0,26.5,2.39,5.0,50000.0,1.14,Mexico,,,
774.0,NNZ64544,Marylin,"TRIM COVER, PP-L UM, R Rating",PC,grey,,MX,,9.39,77.96,92.85,134.0,147.0,29.0,2.5,6.0,1731.0,2.05,Mexico,,,
775.0,NNZ64545,Marylin,"TRIM COVER, PP-L IL, R Rating",PC,grey,,MX,,9.39,90.9,140.49,151.0,162.0,26.5,2.39,5.0,1230.0,2.63,Mexico,,,
776.0,NNZ22439,Marylin,Auxiliar Cover ,PC,grey,,MX,,4.26,12.15,14.71,132.0,53.0,18.2,1.84,3.9,18000.0,0.46,Mexico,,,
777.0,NNZ49628,Marylin ,Push to Trip buttom ,PC,Orange ,,MX,,7.7,0.61,0.76,9.0,9.9,26.88,1.5,6.0,40000.0,0.1464,Mexico,,,
778.0,JYT32462,Aeigis ,Arch Shield 200 A GD,PBT+GF30FR,black,,MX,,5.55,46.71,77.54,70.0,91.0,80.0,2.68,3.0,156000.0,0.674,Mexico,,,
779.0,NNZ40156,Aeigis ,Arch shield 30 /60A,PP+PS,black,,MX,,5.33,19.25,21.37,86.86,63.24,43.43,1.2,2.0,252000.0,0.35,Mexico,,,
780.0,NNZ40155,Aeigis ,Arc Suppresor 30/60A,PBT+GF30FR,black,,MX,,5.55,49.83,82.72,92.0,47.0,56.38,1.5,3.5,450000.0,0.9,Mexico,,,
781.0,JYT40510,Aeigis ,Arch Shield 100A,PP+PS,black,,MX,,5.33,39.13,43.13,112.0,52.0,65.0,2.0,2.5,99000.0,0.8,Mexico,,,
782.0,JYT32461,Aeigis ,Arch  Suppresor  200A,PBT+GF30FR,black,,MX,,5.55,19.25,21.37,43.0,135.0,23.0,2.7,3.0,216000.0,1.394,Mexico,,,
783.0,NNZ40154,Aeigis ,Arc Suppressor 60/100A,PBT+GF30FR,black,,MX,,5.55,73.21,121.5,118.0,75.0,65.0,2.36,3.5,288000.0,1.45,Mexico,,,
784.0,NNZ22442,Marylin,Trim  Cover  PP-R   Line ,PC,grey,,MX,,9.0,442.0,535.0,209.39,378.0,42.0,3.35,5.0,3500.0,7.0,Mexico,,,
785.0,NNZ22443,Marylin,Trim  Cover  PP-R   Line ,PC,grey,,MX,,9.0,388.0,469.0,260.0,220.0,42.0,3.35,5.0,16000.0,5.7,Mexico,,,
786.0,NNZ19159,Marylin,Trim Cover,PC,grey,,MX,,9.0,248.6,300.8,226.0,231.0,42.5,3.0,5.0,17000.0,2.58,Mexico,,,
787.0,NNZ19160,Marylin,Trim Cover,PC,grey,,MX,,9.0,221.6,268.0,207.0,219.0,42.5,3.2,5.0,23623.0,2.29,Mexico,,,
788.0,NNZ19157,Marylin,Trim  Cover PP-P  I Line,PC,grey,,MX,,9.0,270.0,327.7,220.0,228.0,42.5,3.0,5.0,19000.0,2.81,Mexico,,,
789.0,JYT63032,Visipact ,VIEWING WINDOW W Holes ,PC,grey,,MX,,4.45,49.5,59.4,104.0,84.83,18.5,6.0,6.0,110000.0,0.68,Mexico,,,
790.0,NNZ77612,Visipact ,HANDLE Small,PBT+GF30FR,black,,MX,,10.0,69.54,115.434,170.0,50.0,15.0,4.0,6.0,15000.0,1.69,Mexico,,,
791.0,NNZ43881,Visipact ,HANDLE Big,PBT+GF30FR,black,,MX,,10.0,132.0,219.12,180.0,30.0,45.0,3.0,4.0,15000.0,2.79,Mexico,,,
792.0,NNZ22437,Marylin,SquareD-2Pole Aux Cover,PC,grey,,MX,,9.0,22.81,27.6,70.0,86.0,22.0,1.52,3.0,12799.0,0.420107569,Mexico,,,
793.0,NNZ22438,Marylin,"PP-HJ 3P, UM",PC,grey,,MX,,9.0,31.06,37.58,104.0,103.0,22.4,1.44,2.5,360000.0,0.381165931,Mexico,,,
794.0,NNZ22436,Marylin,"PP-H/J 3P, IL",PC,grey,,MX,,9.0,47.92,57.98,113.793,112.268,23.0,3.3,3.3,256965.0,0.491286708,Mexico,,,
795.0,NNZ22435,Marylin,"PP-H/J 2P, IL",PC,grey,,MX,,9.0,34.06,41.22,130.0,74.0,23.0,3.0,3.0,14431.0,0.486905239,Mexico,,,
796.0,NNZ22432 ,Marylin,"C0/PP-B Cover 1P, I-Line Aux",PC,grey,,MX,,9.0,13.98,16.91,37.6,132.0,18.2,1.45,3.0,55678.0,0.298203852,Mexico,,,
797.0,NNZ22433,Marylin,"C0/PP-B Cover 2P, I-Line Aux",PC,grey,,MX,,9.0,29.31,35.46,74.0,128.0,18.2,1.45,3.0,28621.0,0.565317603,Mexico,,,
798.0,NNZ22434,Marylin,"C0/PP-B Cover 2P, I-Line Aux",PC,grey,,MX,,9.0,42.73,51.7,129.0,113.0,18.23,2.0,4.0,186605.0,0.462242958,Mexico,,,
799.0,JYT63004,Visipact ,VIEW Window,PC,grey,,MX,,4.45,90.0,108.1,200.0,81.0,18.54,4.3,5.0,50000.0,1.41,Mexico,,,
800.0,JYT63001,Visipact ,View Window,PC,grey,,MX,,4.45,46.67,56.01,104.1,81.4,18.0,4.0,5.0,420000.0,0.6665,Mexico,,,
801.0,GEX93634,PPM_2023,Base  Trip unit ,PC+GF15,grey,,MX,,9.45,34.39,43.33,183.0,53.0,15.88,2.0,3.0,60000.0,0.94,Mexico,,,
802.0,GEX69932,PPM_2023,Cover Trip unit ,PC+GF17,grey,,MX,,9.45,24.2,30.5,183.0,53.0,14.63,2.0,3.0,60000.0,0.8735,Mexico,,,
803.0,GEX69934,PPM_2023,Switch Cover  Trip Unit ,PC+GF18,grey,,MX,,9.45,0.088,0.111,5.4,11.65,3.0,1.5,2.0,60000.0,0.08,Mexico,,,
804.0,1398701,Quantum,"Base, plastic",ABS+PC,black,,MX,,5.2,75.0,88.0,149.0,156.0,13.8,3.0,5.0,20000.0,1.46,Mexico,,,
805.0,1400043,Quantum,"End cap, plastic",ABS+PC,black,,MX,,5.0,8.2,9.6,141.0,23.0,15.0,1.5,2.0,40000.0,0.62,Mexico,,,
806.0,1391627,Quantum,"Cover, plastic",ABS+PC,black,,MX,,5.0,20.0,23.6,131.0,136.8,4.75,1.6,1.6,20000.0,1.0,Mexico,,,
807.0,1473743,Quantum,"Spacer, Motion sensor board. Plastic",ABS+PC,black,,MX,,5.0,0.149,0.1758,9.7847,6.0,5.3375,1.18,1.5,20000.0,0.19,Mexico,,,
808.0,1418021,Quantum,Base plastic ,ABS+PC,black,,MX,,5.0,111.0,130.98,166.0,184.0,14.22,4.0,5.0,20000.0,2.22,Mexico,,,
809.0,1338226,Quantum,plastic cover memroy  module ,ABS+PC,black,,MX,,5.0,4.1,4.83,12.7,22.6,19.3,2.0,3.0,20000.0,0.24,Mexico,,,
810.0,1373999,Quantum,MOUNTING FLANGE ,ABS+PC,black,,MX,,5.0,6.1,7.198,87.0,15.0,5.0,2.0,3.0,20000.0,0.59,Mexico,,,
811.0,PKR69878,PPM_2023,ENCT spacer ,PA6+GF,grey,,MX,,9.0,38.0,51.3,70.0,70.0,73.0,2.5,3.0,20000.0,1.82,Mexico,,,
812.0,NNZ44128,,PONI 1.5 HOUSING RH,PC,grey,,MX,,5.34,139.3,174.1,139.3,170.0,15.0,3.0,3.0,2478.0,3.57,Mexico,,,
813.0,NNZ44129,,PONI 1.5 HOUSING LH,PC,grey,,MX,,5.34,151.0,189.2,162.86,114.0,15.0,3.0,3.0,2478.0,3.6679,Mexico,,,
814.0,NNZ44134,,PONI 3.0 HOUSING WITH CT LH,PC,grey,,MX,,5.34,230.9,288.6,200.0,114.0,37.0,3.0,3.0,2044.0,4.68,Mexico,,,
815.0,NNZ76027,,PONI 3.0 HOUSING WITH CT RH,PC,grey,,MX,,5.34,230.9,288.6,200.0,114.0,37.0,3.0,3.0,2044.0,5.14,Mexico,,,
816.0,40512-518,Aeigis ,Arc Suppresso,PBT+GF30FR,black,,MX,,4.54,49.83,82.72,92.0,47.0,56.38,1.5,3.5,285000.0,0.71,Mexico,,,
817.0,40560-018,Aeigis ,Arc Suppressor ,PBT+GF30FR,black,,MX,,4.54,19.25,21.37,86.86,63.24,43.43,1.2,2.0,145000.0,0.366,Mexico,,,
818.0,40566-192 ,Aeigis ,Arch Shield,PP+PS,black,,MX,,4.19,73.21,121.5,118.0,75.0,65.0,2.36,3.5,237000.0,0.592,Mexico,,,
819.0,NNZ56479,Marylin,C1 led toggle body ,PC +GF10 FR,black,,MX,,3.0,3.996,5.034,12.56,23.0,33.0,2.3,3.0,683000.0,0.6,Mexico,,,
820.0,NNZ56481,Marylin,Led cover Right  + ride side ,PC +GF10 FR,black,,MX,,4.0,0.52,0.6655,20.0,20.0,8.15,1.5,2.0,683000.0,0.4,Mexico,,,
821.0,NNZ56482,Marylin,Led Toggle light  guide ,PC +GF10 FR,black,,MX,,3.0,0.52,0.6655,20.0,20.0,8.15,1.5,2.0,683000.0,0.55,Mexico,,,
822.0,NNZ59697,Marylin,C2 Led toggles boddy ,PC +GF10 FR,black,,MX,,3.0,8.7,10.96,44.5,25.5,10.0,2.0,2.5,178000.0,1.1,Mexico,,,
823.0,NNZ59698,Marylin,Led  toggle lef side cover ,PC +GF10 FR,black,,MX,,3.0,1.097,1.383,24.1,28.07,7.0,2.0,2.0,178000.0,0.75,Mexico,,,
824.0,NNZ59700,Marylin,Led toggle light guide ,PC +GF10 FR,black,,MX,,3.0,0.571,0.691,9.0,10.62,6.37,2.0,4.0,178000.0,0.85,Mexico,,,
825.0,GDE35981,Nimbus ,1 GANG BLANK MATTE WALL PLATE WH,PC,white,,MX,,5.111758214,14.17,17.26,114.4,70.0,7.0,1.5,2.0,400534.0,0.074074074,Mexico,,,
826.0,GDE35981,Nimbus ,1 GANG BLANK MATTE WALL PLATE LA,PC,Light Almond,,MX,,4.876,14.17,17.26,114.4,70.0,7.0,1.5,2.0,223.0,0.083333333,Mexico,,,
827.0,GDE35981,Nimbus ,1 GANG BLANK MATTE WALL PLATE BK,PC,black,,MX,,5.512,14.17,17.26,114.4,70.0,7.0,1.5,2.0,1157.0,0.088888889,Mexico,,,
828.0,GDE35981,Nimbus ,1 GANG BLANK MATTE WALL PLATE GY,PC,grey,,MX,,5.512,14.17,17.26,114.4,70.0,7.0,1.5,2.0,315.0,0.088888889,Mexico,,,
829.0,GDE35983,Nimbus ,1 GANG OVRSZ WALL PLATE WH,PC,white,,MX,,5.512,17.59,21.29,132.0,84.0,7.0,1.5,2.0,4237748.0,0.074074074,Mexico,,,
830.0,GDE35983,Nimbus ,1 GANG OVRSZ WALL PLATE LA,PC,Light Almond,,MX,,4.876,17.59,21.29,132.0,84.0,7.0,1.5,2.0,7509.0,0.078431373,Mexico,,,
831.0,GDE35983,Nimbus ,1 GANG OVRSZ WALL PLATE BK,PC,black,,MX,,5.512,17.59,21.29,132.0,84.0,7.0,1.5,2.0,23216.0,0.078431373,Mexico,,,
832.0,GDE35983,Nimbus ,1 GANG OVRSZ WALL PLATE GY,PC,grey,,MX,,5.512,17.59,21.29,132.0,84.0,7.0,1.5,2.0,13457.0,0.078431373,Mexico,,,
833.0,GDE35984 ,Nimbus ,2 GANG OVRSZ WALL PLATE WH,PC,white,,MX,,5.512,24.6,29.77,130.0,132.0,7.0,1.5,2.0,963313.0,0.148148148,Mexico,,,
834.0,GDE35984 ,Nimbus ,2 GANG OVRSZ WALL PLATE LA,PC,Light Almond,,MX,,4.876,24.6,29.77,130.0,132.0,7.0,1.5,2.0,565.0,0.156862745,Mexico,,,
835.0,GDE35984 ,Nimbus ,2 GANG OVRSZ WALL PLATE BK,PC,black,,MX,,5.512,24.6,29.77,130.0,132.0,7.0,1.5,2.0,4560.0,0.166666667,Mexico,,,
836.0,GDE35984 ,Nimbus ,2 GANG OVRSZ WALL PLATE GY,PC,grey,,MX,,5.512,24.6,29.77,130.0,132.0,7.0,1.5,2.0,2215.0,0.166666667,Mexico,,,
837.0,GDE35985,Nimbus ,3 GANG OVRSZ WALL PLATE WH,PC,white,,MX,,5.512,31.65,38.29,176.0,96.0,7.0,1.5,2.0,413783.0,0.296296296,Mexico,,,
838.0,GDE35985,Nimbus ,3 GANG OVRSZ WALL PLATE LA,PC,Light Almond,,MX,,4.876,31.65,38.29,176.0,96.0,7.0,1.5,2.0,7235.0,0.31372549,Mexico,,,
839.0,GDE35985,Nimbus ,3 GANG OVRSZ WALL PLATE BK,PC,black,,MX,,5.512,31.65,38.29,176.0,96.0,7.0,1.5,2.0,3046.0,0.333333333,Mexico,,,
840.0,GDE35985,Nimbus ,3 GANG OVRSZ WALL PLATE GY,PC,grey,,MX,,5.512,31.65,38.29,176.0,96.0,7.0,1.5,2.0,2730.0,0.333333333,Mexico,,,
841.0,GDE80882,Nimbus ,1 G OVRSZ DUPLEX OUTLET WALL PLATE WH,PC,white,,MX,,5.512,18.29,22.14,132.0,84.0,7.0,1.5,2.0,6897677.0,0.074074074,Mexico,,,
842.0,GDE80882,Nimbus ,1 G OVRSZ DUPLEX OUTLET WALL PLATE LA,PC,Light Almond,,MX,,4.876,18.29,22.14,132.0,84.0,7.0,1.5,2.0,724.0,0.078431373,Mexico,,,
843.0,GDE80882,Nimbus ,1 G OVRSZ DUPLEX OUTLET WALL PLATE BK,PC,black,,MX,,5.512,18.29,22.14,132.0,84.0,7.0,1.5,2.0,1263.0,0.083333333,Mexico,,,
844.0,GDE80882,Nimbus ,1 G OVRSZ DUPLEX OUTLET WALL PLATE GY,PC,grey,,MX,,5.512,18.29,22.14,132.0,84.0,7.0,1.5,2.0,372.0,0.083333333,Mexico,,,
845.0,GDE35982,Nimbus ,2 GANG BLANK WALL PLATE WH,PC,white,,MX,,5.512,18.29,22.14,132.0,84.0,7.0,1.5,2.0,135382.0,0.22875817,Mexico,,,
846.0,GDE35982,Nimbus ,2 GANG BLANK WALL PLATE LA,PC,Light Almond,,MX,,4.876,18.29,22.14,132.0,84.0,7.0,1.5,2.0,390.0,0.243055556,Mexico,,,
847.0,GDE35982,Nimbus ,2 GANG BLANK WALL PLATE BK,PC,black,,MX,,5.512,18.29,22.14,132.0,84.0,7.0,1.5,2.0,460.0,0.259259259,Mexico,,,
848.0,GDE35982,Nimbus ,2 GANG BLANK WALL PLATE GY,PC,grey,,MX,,5.512,18.29,22.14,132.0,84.0,7.0,1.5,2.0,272.0,0.259259259,Mexico,,,
849.0,GDE35986,Nimbus ,4 GANG OVRSZ WALL PLATE WH,PC,white,,MX,,5.512,38.59,46.59,221.0,130.0,7.0,1.5,2.0,138461.0,0.392156863,Mexico,,,
850.0,GDE35986,Nimbus ,4 GANG OVRSZ WALL PLATE LA,PC,Light Almond,,MX,,4.876,38.59,46.59,221.0,130.0,7.0,1.5,2.0,256.0,0.416666667,Mexico,,,
851.0,GDE35986,Nimbus ,4 GANG OVRSZ WALL PLATE BK,PC,black,,MX,,5.512,38.59,46.59,221.0,130.0,7.0,1.5,2.0,923.0,0.444444444,Mexico,,,
852.0,GDE35986,Nimbus ,4 GANG OVRSZ WALL PLATE GY,PC,grey,,MX,,5.512,38.59,46.59,221.0,130.0,7.0,1.5,2.0,545.0,0.444444444,Mexico,,,
853.0,GDE35987,Nimbus ,5 GANG OVRSZ WALL PLATE WH,PC,white,,MX,,5.512,45.7,55.3,268.0,132.0,7.0,1.5,2.0,5845.0,0.486111111,Mexico,,,
854.0,GDE35987,Nimbus ,5 GANG OVRSZ WALL PLATE LA,PC,Light Almond,,MX,,4.876,45.7,55.3,268.0,132.0,7.0,1.5,2.0,233.0,0.518518519,Mexico,,,
855.0,GDE35987,Nimbus ,5 GANG OVRSZ WALL PLATE BK,PC,black,,MX,,5.512,45.7,55.3,268.0,132.0,7.0,1.5,2.0,223.0,0.518518519,Mexico,,,
856.0,GDE80886,Nimbus ,2 G  OVRSZ 2 DUPLEX OUTLET WALL PLT WH,PC,white,,MX,,5.512,26.7,31.5,130.0,132.0,7.0,1.5,2.0,80871.0,0.196078431,Mexico,,,
857.0,GDE80886,Nimbus ,2 G  OVRSZ 2 DUPLEX OUTLET WALL PLT LA,PC,Light Almond,,MX,,4.876,26.7,31.5,130.0,132.0,7.0,1.5,2.0,248.0,0.208333333,Mexico,,,
858.0,GDE80886,Nimbus ,2 G  OVRSZ 2 DUPLEX OUTLET WALL PLT BK,PC,black,,MX,,5.512,26.7,31.5,130.0,132.0,7.0,1.5,2.0,274.0,0.222222222,Mexico,,,
859.0,GDE80886,Nimbus ,2 G  OVRSZ 2 DUPLEX OUTLET WALL PLT GY,PC,grey,,MX,,5.512,26.7,31.5,130.0,132.0,7.0,1.5,2.0,248.0,0.222222222,Mexico,,,
860.0,GDE80890,Nimbus ,1 G OVRSZ SINGLE OUTLET WALL PLATE WH,PC,white,,MX,,5.512,19.42,23.5,132.0,84.0,7.0,1.5,2.0,66773.0,0.114379085,Mexico,,,
861.0,GDE80890,Nimbus ,1 G OVRSZ SINGLE OUTLET WALL PLATE LA,PC,Light Almond,,MX,,4.876,19.42,23.5,132.0,84.0,7.0,1.5,2.0,248.0,0.12962963,Mexico,,,
862.0,GDE80890,Nimbus ,1 G OVRSZ SINGLE OUTLET WALL PLATE BK,PC,black,,MX,,5.512,19.42,23.5,132.0,84.0,7.0,1.5,2.0,507.0,0.12962963,Mexico,,,
863.0,GDE80894,Nimbus ,2 G  OVRSZ 1 DUPLEX 1 DECO WP WH,PC,white,,MX,,5.512,25.43,30.77,130.0,132.0,7.0,1.5,2.0,30856.0,0.196078431,Mexico,,,
864.0,GDE80894,Nimbus ,2 G  OVRSZ 1 DUPLEX 1 DECO WP LA,PC,Light Almond,,MX,,4.876,25.43,30.77,130.0,132.0,7.0,1.5,2.0,116.0,0.208333333,Mexico,,,
865.0,GDE80894,Nimbus ,2 G  OVRSZ 1 DUPLEX 1 DECO WP BK,PC,black,,MX,,5.512,25.43,30.77,130.0,132.0,7.0,1.5,2.0,181.0,0.222222222,Mexico,,,
866.0,GDE80894,Nimbus ,2 G  OVRSZ 1 DUPLEX 1 DECO WP GY,PC,grey,,MX,,5.512,25.43,30.77,130.0,132.0,7.0,1.5,2.0,116.0,0.222222222,Mexico,,,
,PHA91236,Katla,SE Rigid double stub,PA6,green,,Poland,,2.04,11.01,12.11,66.0,45.0,40.0,1.5,3.7,5832782.28,0.0546,New_Economy_Europe,,,
,PHA91241,Katla,ELKO Rigid double stub,PA6,red,,Poland,,2.04,10.93,12.02,66.0,45.0,40.0,1.5,3.7,6444812.85,0.0616,New_Economy_Europe,,,
,PHA91238,Katla,SE flexiable double stub,PE,green,,Poland,,1.68,14.11,13.4,66.0,45.0,40.0,1.4,4.5,4424629.6,0.0576,New_Economy_Europe,,,
,PHA91216,Katla,SE ring 13-26mm,PC,Green,,Poland,,1.83,8.28,11.18,65.0,65.0,26.0,1.58,3.4,4032785.07,0.0528,New_Economy_Europe,,,
,PHA91217,Katla,ELKO ring 12-23mm,PC,white,,Poland,,1.83,6.82,9.21,65.0,65.0,23.0,1.65,3.2,1759796.25,0.0615,New_Economy_Europe,,,
,PHA91218,Katla,ELKO ring 24-51mm,PC,white,,Poland,,1.83,13.33,17.99,65.0,65.0,51.0,1.63,3.5,217479.51,0.1345,New_Economy_Europe,,,
,PHA91258,Katla,SE ring 24-39mm,PC,blue,,Poland,,1.83,13.82,18.66,65.0,65.0,39.0,1.63,3.5,24261.28,0.1175,New_Economy_Europe,,,
,PHA91219,Katla,Hybrid screw ring Wedge,PA6,Natural,GF30,Poland,,2.48,0.72,0.97,25.0,15.0,8.0,2.0,4.0,12068644.22,0.0141,New_Economy_Europe,,,
,PHA91195,Katla,SE 1G box top 12mm - 0 side open,PP,grey,,Poland,,2.02,24.16,22.95,75.0,75.0,75.0,1.3,3.0,156000.0,0.1052,New_Economy_Europe,,,
,PHA91180,Katla,SE 1G box top 12mm - 1 side open,PP,grey,,Poland,,2.02,22.74,21.6,75.0,75.0,75.0,1.3,3.0,362109.7,0.1006,New_Economy_Europe,,,
,PHA91181,Katla,SE 1G box top 12mm - 2 side open,PP,grey,,Poland,,2.02,21.79,20.7,75.0,75.0,75.0,1.3,3.0,1029911.3,0.0968,New_Economy_Europe,,,
,PHA91182,Katla,SE 1G box top 12mm - 3 side open,PP,grey,,Poland,,2.02,20.2,19.19,75.0,75.0,75.0,1.3,3.0,1363903.6,0.0924,New_Economy_Europe,,,
,PHA91183,Katla,SE 1G box top 24mm - 1 side open,PP,grey,,Poland,,2.02,27.01,25.66,75.0,75.0,67.0,1.3,3.0,37640.42,0.1173,New_Economy_Europe,,,
,PHA91184,Katla,SE 1G box top 24mm - 2 side open,PP,grey,,Poland,,2.02,25.76,24.47,75.0,75.0,67.0,1.3,3.0,256292.9,0.1104,New_Economy_Europe,,,
,PHA91185,Katla,SE 1G box top 24mm - 3 side open,PP,grey,,Poland,,2.02,24.42,23.2,75.0,75.0,67.0,1.3,3.0,804617.0,0.109,New_Economy_Europe,,,
,PHA91186,Katla,SE 1G box base,PP,grey,,Poland,,2.02,7.89,7.5,71.0,71.0,10.0,1.5,3.25,4173175.34,0.0384,New_Economy_Europe,,,
,PHA91225,Katla,SE-1G standard Lid,PP,Green,,Poland,,1.85,7.99,7.59,70.0,70.0,25.0,1.0,2.23,3667747.92,0.0308,New_Economy_Europe,,,
,PHA91247,Katla,SE Fire box lid 1G,PP,black,,Poland,,1.7,7.99,7.59,70.0,70.0,25.0,1.0,2.23,98662.2,0.0309,New_Economy_Europe,,,
,PHA91204,Katla,ELKO 1G box base ,PP+MB,red,,Poland,,2.14,10.21,9.7,91.0,71.0,10.0,1.3,3.25,2661828.255,0.0509,New_Economy_Europe,,,
,PHA91189,Katla,SE 1.5G bottom part,PP,grey,,Poland,,2.02,10.22,9.71,91.0,71.0,10.0,1.3,3.25,299889.6657,0.0457,New_Economy_Europe,,,
,PHA91187,Katla,SE 1.5G box top 2 side open,PP,grey,,Poland,,2.02,25.74,24.45,94.0,75.0,52.0,1.3,3.0,23544.76,0.1262,New_Economy_Europe,,,
,PHA91205,Katla,ELKO 1.5G box top vertical 2 side open,PP+MB,red,,Poland,,2.14,25.8,24.51,94.0,75.0,52.0,1.3,3.0,86837.1,0.1373,New_Economy_Europe,,,
,PHA91188,Katla,SE 1.5G box top 3 side open,PP,grey,,Poland,,2.02,24.63,23.4,94.0,75.0,52.0,1.3,3.0,262409.95,0.1174,New_Economy_Europe,,,
,PHA91206,Katla,ELKO 1.5G box top Horizontal 3 side open,PP+MB,red,,Poland,,2.14,24.74,23.5,94.0,75.0,52.0,1.3,3.0,150791.55,0.1947,New_Economy_Europe,,,
,PHA91257,Katla,ELKO 1.5G box Verical 3 side open,PP+MB,red,,Poland,,2.14,24.63,23.4,94.0,75.0,52.0,1.3,3.0,386193.15,0.1948,New_Economy_Europe,,,
,PHA91213,Katla,ELKO 1G box top 9mm  - 0 side open,PP+MB,red,,Poland,,2.14,27.55,26.17,95.0,75.0,50.0,1.3,3.0,43200.0,0.1293,New_Economy_Europe,,,
,PHA91198,Katla,ELKO 1G box top 9mm  - 1 side open,PP+MB,red,,Poland,,2.14,26.27,24.96,95.0,75.0,50.0,1.3,3.0,93450.0,0.1266,New_Economy_Europe,,,
,PHA91200,Katla,ELKO 1G box top 9mm - 2 side open,PP+MB,red,,Poland,,2.14,25.09,23.84,95.0,75.0,50.0,1.3,3.0,376050.6,0.1204,New_Economy_Europe,,,
,PHA91201,Katla,ELKO 1G box top 9mm - 3 side open,PP+MB,red,,Poland,,2.14,24.43,23.21,95.0,75.0,50.0,1.3,3.0,1194041.1,0.1444,New_Economy_Europe,,,
,PHA91202,Katla,ELKO 1G box top 24mm - 2 side open,PP+MB,red,,Poland,,2.14,30.12,28.61,95.0,75.0,50.0,1.3,3.0,137970.0,0.1885,New_Economy_Europe,,,
,PHA91203,Katla,ELKO 1G box top 24mm - 3 side open,PP+MB,red,,Poland,,2.14,28.83,27.39,95.0,75.0,50.0,1.3,3.0,65854.95,0.1496,New_Economy_Europe,,,
,PHA91226,Katla,ELKO 1G standard lid,PP,red,,Poland,,1.7,7.79,7.4,70.0,70.0,25.0,1.0,2.23,1842787.5,0.0403,New_Economy_Europe,,,
,PHA91250,Katla,ELKO Fire box lid 1G,PP,black,,Poland,,1.7,7.82,7.43,70.0,70.0,25.0,1.0,2.23,68841.15,0.038,New_Economy_Europe,,,
,PHA91229,Katla,SE-1.5G Lid,PP,Green,,Poland,,1.85,11.28,10.72,89.0,70.0,25.0,1.5,2.5,289650.21,0.0654,New_Economy_Europe,,,
,PHA91230,Katla,ELKO 1.5G lid,PP,red,,Poland,,1.7,11.35,10.78,89.0,70.0,25.0,1.5,2.5,621566.4,0.0923,New_Economy_Europe,,,
,PHA91248,Katla,SE Fire box lid 1.5G,PP,black,,Poland,,1.7,11.34,10.77,89.0,70.0,25.0,1.5,2.5,309.7,0.1239,New_Economy_Europe,,,
,PHA91251,Katla,ELKO Fire box lid 1.5G,PP,black,,Poland,,1.7,11.34,10.77,89.0,70.0,25.0,1.5,2.5,18981.45,0.0725,New_Economy_Europe,,,
,PHA91193,Katla,SE 2G Box bottom 1 side open,PP,grey,,Poland,,2.02,41.62,39.54,146.0,75.0,44.0,1.5,3.5,23652.8,0.2575,New_Economy_Europe,,,
,PHA91208,Katla,ELKO 2G Box bottom 1 side open,PP+MB,red,,Poland,,2.14,41.73,39.64,146.0,75.0,44.0,1.5,3.5,16726.05,0.2855,New_Economy_Europe,,,
,PHA91191,Katla,SE 2G bottom 2sides open,PP,grey,,Poland,,2.02,40.37,38.35,146.0,75.0,44.0,1.5,3.5,22424.36,0.2535,New_Economy_Europe,,,
,PHA91209,Katla,ELKO 2GB bottom 2sides open,PP+MB,red,,Poland,,2.14,40.32,38.3,146.0,75.0,44.0,1.5,3.5,60253.65,0.2725,New_Economy_Europe,,,
,PHA91190,Katla,SE Big box 1G Bottom,PP,grey,,Poland,,2.02,41.55,39.47,146.0,75.0,44.0,1.5,3.5,8117.15,0.2725,New_Economy_Europe,,,
,PHA91211,Katla,ELKO 1G big box Bottom,PP+MB,red,,Poland,,2.14,41.56,39.48,146.0,75.0,44.0,1.5,3.5,49958.55,0.2835,New_Economy_Europe,,,
,PHA91235,Katla,SE  Single rigid 25mm stub,PA6,Green,,Poland,,2.04,8.64,9.5,67.0,42.0,40.0,1.5,3.7,17298.36,0.2217,New_Economy_Europe,,,
,PHA91239,Katla,SE Cross combi stub,PA6,Green,,Poland,,2.04,14.64,16.1,99.0,57.0,44.0,1.35,3.25,52730.16,0.2428,New_Economy_Europe,,,
,PHA91240,Katla,ELKO Single rigid 25mm stub,PA6,red,,Poland,,2.04,8.64,9.5,99.0,57.0,44.0,1.5,3.7,8028.0,0.2469,New_Economy_Europe,,,
,PHA91244,Katla,ELKO Cross combi stub,PA6,red,,Poland,,2.04,14.64,16.1,99.0,57.0,44.0,1.35,3.25,7474.2,0.2707,New_Economy_Europe,,,
,PHA91237,Katla,SE Triple rigid stub,PA6,Green,,Poland,,2.04,12.59,13.85,67.0,42.0,40.0,1.4,3.7,22477.5,0.1078,New_Economy_Europe,,,
,PHA91242,Katla,ELKO Triple rigid stub,PA6,red,,Poland,,2.04,12.45,13.7,67.0,42.0,40.0,1.4,3.7,484077.36,0.1549,New_Economy_Europe,,,
,PHA91194,Katla,SE Big 1G box 13mm Top,PP,grey,,Poland,,2.02,15.12,14.36,146.0,75.0,20.0,1.5,2.4,8117.15,0.2151,New_Economy_Europe,,,
,PHA91212,Katla,ELKO Big 1G box 13mm Top,PP+MB,red,,Poland,,2.14,14.95,14.2,146.0,75.0,20.0,1.5,2.4,49958.55,0.2116,New_Economy_Europe,,,
,PHA91196,Katla,SE Big 1.5G box 13mm Top,PP,grey,,Poland,,2.02,14.84,14.1,146.0,75.0,20.0,1.5,2.4,1792.4,0.4029,New_Economy_Europe,,,
,PHA91214,Katla,ELKO Big 1.5G box 13mm Top,PP+MB,red,,Poland,,2.14,14.84,14.1,146.0,75.0,20.0,1.5,2.4,14600.85,0.3725,New_Economy_Europe,,,
,PHA91197,Katla,SE Big 1.5G box 26mm Top,PP,grey,,Poland,,2.02,19.62,18.64,146.0,75.0,32.0,1.5,2.4,2535.5,0.4016,New_Economy_Europe,,,
,PHA91215,Katla,ELKO Big 1.5G box 26mm Top,PP+MB,red,,Poland,,2.14,19.64,18.66,146.0,75.0,32.0,1.5,2.4,2125.2,0.4234,New_Economy_Europe,,,
,PHA91267,Katla,Board fixing 21mm,ABS  ,white,,Poland,,1.43,13.74,15.8,146.0,75.0,32.0,1.2,2.0,46151.6,0.2323,New_Economy_Europe,,,
,PHA91268,Katla,SE- Board fixing 25mm,ABS  ,blue,,Poland,,1.43,15.13,17.4,146.0,75.0,32.0,1.2,2.0,516727.42,0.1558,New_Economy_Europe,,,
,PHA91269,Katla,ELKO-Board fixing 25mm,ABS  ,white,,Poland,,1.43,15.44,17.76,146.0,75.0,32.0,1.2,2.0,111420.0,0.1014,New_Economy_Europe,,,
,PHA91255,Katla,SE Jointing piece 100mm,PA6,Natural,,Poland,,2.04,11.16,12.28,68.0,40.0,39.0,1.35,2.5,27124.02,0.2219,New_Economy_Europe,,,
,PHA91256,Katla,ELKO Jointing piece 90mm,PA6,Natural,,Poland,,2.04,9.26,10.19,68.0,40.0,39.0,1.35,2.5,40015.2,0.218,New_Economy_Europe,,,
,PHA91233,Katla,SE Strain relief,PP,Green,,Poland,,1.7,4.55,4.6,67.0,39.0,14.0,1.5,3.7,93141.3,0.135,New_Economy_Europe,,,
,PHA91234,Katla,ELKO Strain relief,PP+MB,red,,Poland,,1.7,4.55,4.6,67.0,39.0,14.0,1.5,3.7,14694.12,0.1335,New_Economy_Europe,,,
,PHA91192,Katla,SE 2G Top,PP,grey,,Poland,,2.02,12.72,12.08,146.0,75.0,20.0,1.5,2.6,41749.26,0.1501,New_Economy_Europe,,,
,PHA91210,Katla,ELKO 2G top,PP+MB,red,,Poland,,2.14,12.74,12.1,146.0,75.0,20.0,1.5,2.6,60253.65,0.1567,New_Economy_Europe,,,
,PHA91231,Katla,SE 2G Lid,PP,Green,,Poland,,1.85,16.93,16.08,141.0,70.0,16.0,1.2,1.5,40860.13,0.1472,New_Economy_Europe,,,
,PHA91232,Katla,ELKO 2G Lid,PP,red,,Poland,,1.7,17.05,16.2,141.0,70.0,16.0,1.2,1.5,58917.15,0.1523,New_Economy_Europe,,,
,PHA91249,Katla,SE Fire box lid 2G,PP,black,,Poland,,1.7,16.94,16.09,141.0,70.0,16.0,1.2,1.5,889.13,0.2112,New_Economy_Europe,,,
,PHA91252,Katla,ELKO Fire box lid 2G,PP,black,,Poland,,1.7,16.92,16.07,141.0,70.0,16.0,1.2,1.5,1336.5,0.2788,New_Economy_Europe,,,
,PHA91253,Katla,Partition wall,PP,Natural,,Poland,,2.14,5.41,5.14,64.0,54.0,11.0,1.5,2.6,288570.0,0.1055,New_Economy_Europe,,,
,PHA91259,Katla,SE Blank plug,PP,grey,,Poland,,2.02,1.81,1.72,56.0,35.0,7.0,1.0,1.23,57056.0,0.1023,New_Economy_Europe,,,
,PHA91260,Katla,ELKO Blank plug,PP+MB,red,,Poland,,2.14,1.81,1.72,56.0,35.0,7.0,1.0,1.23,113682.48,0.1024,New_Economy_Europe,,,
,PHA91277,Katla,"SE Extension ring 6 mm, single box",PP,grey,,Poland,,2.02,2.21,2.1,70.0,70.0,11.0,2.0,2.0,18037.5,0.1845,New_Economy_Europe,,,
,PHA91262,Katla,SE Extension ring 2G box 6mm,PP,grey,,Poland,,2.02,5.65,5.37,142.0,71.0,11.0,1.3,1.83,9956.5,0.1966,New_Economy_Europe,,,
,PHA91264,Katla,ELKO Extension ring 2G box 6mm,PP+MB,red,,Poland,,2.14,5.6,5.32,142.0,71.0,11.0,1.3,1.83,14437.92,0.2,New_Economy_Europe,,,
,PHA91261,Katla,SE Extension ring 1.5 box 6mm,PP,grey,,Poland,,2.02,4.03,3.83,94.0,75.0,11.0,1.3,1.83,11991.5,0.1135,New_Economy_Europe,,,
,PHA91263,Katla,"ELKO Extension ring 1,5 box 6mm",PP+MB,red,,Poland,,2.14,4.04,3.84,94.0,75.0,11.0,1.3,1.83,291786.72,0.1318,New_Economy_Europe,,,
,GDE48633,Niebla,Switch case,PC,white,GF10,India,,4.12,11.65,14.79,45.0,45.0,40.0,1.5,2.94,121833.0,0.0955,India,,,
,GDE82863,Niebla,Outer Rocker,PC,grey,,India,,3.85,5.13,6.15,45.0,45.0,18.0,1.5,2.6,2466.0,0.0626,India,,,
,GDE50442  ,Niebla,Outer Rocker,PC,Bigie,,India,,4.12,5.13,6.15,45.0,45.0,18.0,1.5,2.6,28484.0,0.0643,India,,,
,GDE41471,Niebla,Outer Rocker,PC,white,,India,,3.2,5.13,6.15,45.0,45.0,18.0,1.5,2.6,90883.0,0.0575,India,,,
,MFR83854,IoT Bridge,TOP COVER B-PAS DC ( 24 V ),PC,white,GF10,INDIA,0.0,3.85,34.28,43.53,85.0,72.0,56.0,2.0,3.2,32200.0,0.2966,India,,,
,GDE42323,IoT Bridge,"TOP COVER BPAS AC ( 240 V , 277V )",PC,white,GF10,INDIA,0.0,3.85,34.44,43.74,85.0,72.0,56.0,2.0,3.2,47150.0,0.2972,India,,,
,GDE91975,IoT Bridge,TOP COVER A-PAS DC ( 24V),PC,white,GF10,INDIA,0.0,3.85,34.2,43.44,85.0,72.0,56.0,2.0,3.2,3450.0,0.2988,India,,,
,GDE91976,IoT Bridge,TOP COVER A-PAS AC ( 277V),PC,white,GF10,INDIA,0.0,3.85,34.39,43.67,85.0,72.0,56.0,2.0,3.2,3450.0,0.2999,India,,,
,GDE91977,IoT Bridge,TOP COVER A-PAS POE,PC,white,GF10,INDIA,0.0,3.85,34.57,43.91,85.0,72.0,56.0,2.0,3.2,3450.0,0.3009,India,,,
,MFR83853,IoT Bridge,BOTTOM COVER BPAS-DC ( B pas 24V and A pas 24V ),PC,white,GF10,INDIA,0.0,3.85,20.72,26.31,85.0,70.0,33.0,2.0,3.125,35650.0,0.1854,India,,,
,GDE91978,IoT Bridge,"BOTTOM COVER BPAS-AC ( B pas 240V, 277V and A pas 277V ) ",PC,white,GF10,INDIA,0.0,3.85,20.77,26.38,85.0,70.0,33.0,2.0,3.125,50600.0,0.1855,India,,,
,GDE91979,IoT Bridge,BOTTOM COVER APAS POE,PC,white,GF10,INDIA,0.0,3.85,20.78,26.39,85.0,70.0,33.0,2.0,3.125,3450.0,0.1882,India,,,
,MFR83861,IoT Bridge,Transparent cover-B pas ,PC,transparent,,INDIA,0.0,3.85,4.38,5.26,54.0,45.0,6.5,1.5,1.5,89700.0,0.057,India,,,
,MFR83875,IoT Bridge,"Light pipe (Apas, Bpas & Cpas common)",PC,Transclucent,,INDIA,0.0,3.85,1.5,1.8,30.0,27.0,12.0,1.8,1.8,127650.0,0.0327,India,,,
,MFR83869,IoT Bridge,"Push button (Apas, Bpas & Cpas common)",PC,white,GF10,INDIA,0.0,3.85,0.23,0.3,9.0,9.0,10.5,2.5,3.2,127650.0,0.0206,India,,,
,MFR83879,IoT Bridge,"Light guide cap (Apas, Bpas & Cpas common)",PC,white,GF10,INDIA,0.0,3.85,0.33,0.41,17.0,17.0,7.0,1.5,2.0,127650.0,0.022,India,,,
,GDE60886,IoT Bridge,Spacer,PC,white,GF10,INDIA,0.0,3.85,0.8,1.02,20.0,14.0,15.0,1.5,1.5,127650.0,0.0246,India,,,
,PHA75633,Clipsal - X,Cover frame 1M,"PC+ABS
",white,,INDIA,0.0,3.74,13.14,15.5,92.0,90.0,7.0,1.5,1.5,228041.8,0.0995,India,,,
,PHA75634,Clipsal - X,Cover frame 2M,"PC+ABS
",white,,INDIA,0.0,3.74,12.46,14.7,92.0,90.0,7.0,1.5,1.5,273235.2,0.0945,India,,,
,PHA75635,Clipsal - X,Cover frame 3M,"PC+ABS
",white,,INDIA,0.0,3.74,15.42,18.2,121.0,90.0,7.0,1.5,1.5,337766.8,0.1129,India,,,
,PHA75636,Clipsal - X,Cover frame 3M_Universal,"PC+ABS
",white,,INDIA,0.0,3.74,15.38,18.15,121.0,90.0,7.0,1.5,1.5,11012.4,0.295,India,,,
,PHA75637,Clipsal - X,Cover frame 4M,"PC+ABS
",white,,INDIA,0.0,3.74,19.36,22.85,155.0,90.0,7.0,1.5,1.5,150343.2,0.1482,India,,,
,PHA75638,Clipsal - X,Cover frame 6M,"PC+ABS
",white,,INDIA,0.0,3.74,28.47,33.6,225.0,90.0,7.0,1.5,1.5,275788.8,0.198,India,,,
,PHA75639,Clipsal - X,Cover frame 8M Horizontal,"PC+ABS
",white,,INDIA,0.0,3.74,30.17,35.6,256.0,90.0,7.0,1.5,1.5,247273.6,0.2101,India,,,
,PHA75640,Clipsal - X,Cover frame 8M Square,"PC+ABS
",white,,INDIA,0.0,3.74,32.43,38.27,150.0,150.0,7.0,1.5,1.5,28728.0,0.3428,India,,,
,PHA75642,Clipsal - X,Cover frame 12M ,"PC+ABS
",white,,INDIA,0.0,3.74,45.19,53.32,225.0,155.0,7.0,1.5,1.5,58067.8,0.3551,India,,,
,PHA75644,Clipsal - X,Cover frame 18M ,"PC+ABS
",white,,INDIA,0.0,3.74,70.76,83.5,225.0,226.0,7.0,1.5,1.5,7049.0,1.2276,India,,,
,PHA75641,Clipsal - X,COVER FRAME 9M,"PC+ABS
",white,,INDIA,0.0,3.74,27.72,32.71,257.0,90.0,7.0,1.5,1.5,77539.0,0.243,India,,,
,PHA75643,Clipsal - X,COVER FRAME 16M,"PC+ABS
",white,,INDIA,0.0,3.74,40.42,47.7,230.0,150.0,14.0,1.5,1.5,17636.0,0.5699,India,,,
,PHA76121,Clipsal - X,Outer Rocker 6/16A Switch With Indicator-WH,PC,white,,INDIA,0.0,3.2,2.6,3.12,42.0,22.0,17.0,1.8,1.8,185870.0,0.0236,India,,,
,MFR28537,Clipsal - X,Outer Rocker 6/16A Switch With Indicator-Grey,PC,grey,,INDIA,0.0,3.85,2.6,3.12,42.0,22.0,17.0,1.8,1.8,5905.0,0.0323,India,,,
,PHA76118 ,Clipsal - X,Outer Rocker 6/16A Switch  W/O Indicator-White,PC,white,,INDIA,0.0,3.2,2.6,3.12,42.0,22.0,17.0,1.8,1.8,2875577.0,0.0195,India,,,
,MFR28517,Clipsal - X,Outer Rocker 6/16A Switch  W/O Indicator-Grey,PC,grey,,INDIA,0.0,3.85,2.6,3.12,42.0,22.0,17.0,1.8,1.8,64606.0,0.0226,India,,,
,PHA76123,Clipsal - X,Outer Rocker 6A(2M) Switch  W/O Indicator-Wh,PC,white,,INDIA,0.0,3.2,4.6,5.52,42.0,42.0,17.0,1.8,1.8,27877.0,0.0681,India,,,
,MFR28666 ,Clipsal - X,Outer Rocker 6A(2M) Switch  W/O Indicator-CG,PC,grey,,INDIA,0.0,3.85,4.6,5.52,42.0,42.0,17.0,1.8,1.8,1649.0,0.0881,India,,,
,PHA76278 ,Clipsal - X,Outer Rocker 6A(2M) Switch With Indicator-Wh,PC,white,,INDIA,0.0,3.2,4.6,5.52,42.0,42.0,17.0,1.8,1.8,36336.0,0.0675,India,,,
,MFR28718,Clipsal - X,Outer Rocker 6A(2M) Switch With Indicator-CG,PC,grey,,INDIA,0.0,3.85,4.6,5.52,42.0,42.0,17.0,1.8,1.8,1569.0,0.0899,India,,,
,PHA76319,Clipsal - X,32A DP switch With Indicator-Wh,PC,white,,INDIA,0.0,3.2,4.6,5.52,42.0,42.0,17.0,1.8,1.8,24685.0,0.0687,India,,,
,PHA76416,Clipsal - X,Knob 1M -WH,PC,white,,INDIA,0.0,3.2,1.5,1.8,18.0,18.0,16.0,1.8,1.8,17636.0,0.0476,India,,,
,MFR28491,Clipsal - X,Knob  1M- CG,PC,grey,,INDIA,0.0,3.85,1.5,1.8,18.0,18.0,16.0,1.8,1.8,904.0,0.0799,India,,,
,PHA76458,Clipsal - X,Knob  2M-WH,PC,white,,INDIA,0.0,3.2,4.4,5.28,35.0,35.0,16.0,1.8,1.8,144145.0,0.0582,India,,,
,MFR28478,Clipsal - X,Knob  2M- CG,PC,grey,,INDIA,0.0,3.85,4.4,5.28,35.0,35.0,16.0,1.8,1.8,3006.0,0.0723,India,,,
,PHA78753,Clipsal - X,Grid Plate 9M,ABS,white,,INDIA,0.0,2.18,38.8,41.13,258.0,84.0,12.0,1.8,3.2,77539.0,0.2426,India,,,
,PHA85165,Clipsal - X,Grid Plate 16M,ABS,white,,INDIA,0.0,2.18,59.36,62.92,229.0,144.0,15.0,1.8,3.2,17636.0,0.5786,India,,,
,MFR29045,Clipsal - X,Key Tag Switch,PC,white,,INDIA,0.0,3.2,15.7,18.84,90.0,87.0,14.0,1.5,1.85,3538.0,0.2992,India,,,
,PHA95657,Clipsal - X,2 Pin Cover,PC,white,,INDIA,0.0,3.2,3.3,3.96,51.0,21.0,15.0,1.5,2.0,10587.0,0.2301,India,,,
,MFR98609,Clipsal - X,2 Pin Cover,PC,grey,,INDIA,0.0,3.85,3.3,3.96,51.0,21.0,15.0,1.5,2.0,2820.0,0.2577,India,,,
,PHA76816,Clipsal - X,USB Cover,PC,white,,INDIA,0.0,3.2,2.81,3.37,51.0,22.0,12.0,1.5,1.95,32680.0,0.0825,India,,,
,GDE34867,Clipsal - X,USB Cover,PC,grey,,INDIA,0.0,3.85,2.81,3.37,51.0,22.0,12.0,1.5,1.95,13070.0,0.0905,India,,,
,PHA76799,Clipsal - X,USB Casing,PC,white,,INDIA,0.0,3.2,4.9,5.88,46.0,21.0,30.0,1.5,1.95,45750.0,0.0894,India,,,
,PHA95653,Visa For India,2 Pin Casing,PA6 ,white,20 GF,INDIA,0.0,2.98,4.6,5.29,45.0,18.0,29.0,1.5,1.9,13406.0,0.2189,India,,,
,MFR29196,Visa For India,Inner Dolly,PC,white,,INDIA,0.0,4.71,0.9,1.08,23.0,23.0,10.0,1.5,1.93,39126.0,0.0863,India,,,
,MFR29194,Visa For India,6-16A Shutter Bracket,PC,white,,INDIA,0.0,4.71,2.3,2.76,43.0,26.0,20.0,1.2,1.2,17055.0,0.098,India,,,
,MFR29210,Visa For India,6A Casing,PC,white,,INDIA,0.0,4.71,30.0,36.0,86.0,83.0,35.0,1.5,2.8,22071.0,0.3448,India,,,
,MFR29193,Visa For India,6-16A Casing,PC,white,,INDIA,0.0,4.71,29.9,35.88,86.0,83.0,35.0,1.5,2.8,17055.0,0.346,India,,,
,MFR 29211 ,Visa For India,6A Socket Frame,PC,white,,INDIA,0.0,4.71,7.1,8.52,67.0,65.0,18.0,1.2,1.2,22071.0,0.1613,India,,,
,MFR 29195,Visa For India,6-16A Socket Frame,PC,white,,INDIA,0.0,4.71,5.3,6.36,68.0,62.0,19.0,1.2,1.2,17055.0,0.1514,India,,,
,GEX65226,Easy9Pro (Aspire),MCB- Toggle,PC,grey,GF,India,20.0,4.33,0.737699,1.00327064,16.5,16.0,14.4,1.8,2.6,9418812.0,0.0109,India,,,
,GEX65931,Easy9Pro (Aspire),MCB- Handle 1P,PC,grey,GF,India,20.0,4.33,0.418158,0.56869488,16.0,6.0,8.0,1.8,1.8,4709412.0,0.0178,India,,,
,GEX65934,Easy9Pro (Aspire),MCB- Handle 2P,PC,grey,GF,India,20.0,4.33,0.823519,1.11998584,34.1,6.0,8.0,1.74,1.74,1412820.0,0.0295,India,,,
,GEX65937,Easy9Pro (Aspire),MCB- Handle 3P,PC,grey,GF,India,20.0,4.33,1.25663,1.7090168,51.8,6.0,8.0,1.75,1.75,2354700.0,0.0304,India,,,
,GEX65938,Easy9Pro (Aspire),MCB- Handle 4P,PC,grey,GF,India,20.0,4.33,1.66483,2.2641688,69.6,6.0,8.0,1.73,1.73,941880.0,0.0385,India,,,
,GEX70577,Easy9Pro (Aspire),RCCB- Toggle,PBT,grey,GF,India,30.0,3.706,1.3255,2.028015,12.8,23.2,17.55,1.0,2.2,519396.0,0.0466,India,,,
,GEX81735,Easy9Pro (Aspire),Test Button,PBT,grey,GF,India,30.0,3.706,0.5587007,0.854812071,11.2,12.95,12.82,1.5,1.5,519396.0,0.0204,India,,,
,GEX79713,Easy9Pro (Aspire),CASE BICO Easy9 Pro 25A,PA6,grey,GF,India,20.0,3.448,14.3114,18.60482,81.4,68.8,11.85,1.35,2.0,7535052.0,0.0933,India,,,
,GEX79714,Easy9Pro (Aspire),COVER BICO Easy9 Pro 25A,PA6,grey,GF,India,20.0,3.448,14.9117,19.38521,81.4,68.8,17.7,1.35,2.0,7535052.0,0.0962,India,,,
,GEX79715,Easy9Pro (Aspire),GEX79715_CASE BICO Easy9 Pro 32A-63A,PA6,grey,GF,India,20.0,3.448,14.7268,19.14484,81.4,68.8,13.4,1.65,2.0,1883760.0,0.1023,India,,,
,GEX79716,Easy9Pro (Aspire),COVER BICO Easy9 Pro 32-63A,PA6,grey,GF,India,20.0,3.448,14.9709,19.46217,81.4,68.8,17.7,1.65,2.0,1883760.0,0.1035,India,,,
,51002567AB,Easy9Pro (Aspire),SOCKET 2P STD DOMAE BICO RAL7035,PA6,grey,GF,India,20.0,3.448,36.3509,47.25617,81.0,35.8,48.7,1.6,1.8,519396.0,0.2322,India,,,
,EAV72599,Easy9Pro (Aspire),COVER 2P STD BICO GREY REMINI,PA6,grey,GF,India,20.0,3.448,12.82,16.666,81.0,35.8,38.9,1.7,1.7,519396.0,0.1054,India,,,
,51002568AB,Easy9Pro (Aspire),SOCKET 4P STDDOMAE BICO RAL7035,PA6,grey,GF,India,20.0,3.448,68.3703,88.88139,81.0,71.6,48.7,1.8,2.85,222600.0,0.4466,India,,,
,EAV72022,Easy9Pro (Aspire),COVER 4P STD BICONNECT GREY REMINI,PA6,grey,GF,India,20.0,3.448,23.365,30.3745,81.0,71.6,39.1,1.7,2.3,222600.0,0.1887,India,,,
,GEX86439,Bluebird w1.1,Front bezel PM51,PC,white,GF,India,10.0,4.333,18.9992,23.938992,96.0,96.0,16.25,2.35,3.1,290744.0,0.1933,India,,,
,GEX86443,Bluebird w1.1,Black front plate,PC,black,GF,India,10.0,4.333,9.42733,11.8784358,68.6,95.2,4.6,1.2,2.0,290744.0,0.1131,India,,,
,GEX86497,Bluebird w1.1,Tinted lens,PC,transparent,,India,0.0,4.333,18.7,23.562,94.9,68.46,1.8,2.1,2.1,290744.0,0.1929,India,,,
,GEX87177,Bluebird w1.1,LCD bracket,PC,black,GF,India,10.0,4.333,9.85908,12.4224408,66.5,83.44,6.0,1.55,2.2,290744.0,0.1041,India,,,
,PKR21963,Bluebird w1.1,Base meter housing ,PC,black,GF,India,10.0,4.333,68.687816,86.54664816,95.8,95.8,81.3,2.0,3.2,290744.0,0.5304,India,,,
,JYT31658,Bluebird w1.2,base meter housing- 3CT,PC,white,GF,India,10.0,4.333,37.559575,47.3250645,96.0,96.0,42.8,1.8,3.2,62265.0,0.4428,India,,,
,GEX36332,Bluebird w1.2,base meter housing- 4CT,PC,white,GF,India,10.0,4.333,36.5723,46.081098,96.0,96.0,42.8,1.8,3.2,62265.0,0.4368,India,,,
,JYT31667,Bluebird w1.2,AUX TAMPER COVER,PC,transparent,,India,0.0,3.777,2.4,3.024,40.0,25.0,15.0,1.5,2.1,62265.0,0.0824,India,,,
,JYT31668,Bluebird w1.2,Voltage TAMPER COVER,PC,transparent,,India,0.0,3.777,2.61,3.2886,40.0,60.0,15.0,1.5,2.1,62265.0,0.0856,India,,,
,JYT31659,Bluebird w1.2,CT terminal door,PC,transparent,,India,0.0,3.777,4.34196,5.4708696,96.2,21.3,14.0,1.5,1.8,62265.0,0.1137,India,,,
,GEX18256,Bluebird w1.2,Revenue lock,PC,Green,,India,0.0,4.333,0.32362,0.4077612,15.7,5.0,4.54,1.2,1.8,62265.0,0.0627,India,,,
,JYT41991,Bluebird w1.2,MODULE LOCKING CLIP,PC,Green,,India,0.0,4.333,2.5047,3.155922,69.0,19.5,7.0,2.0,2.3,62265.0,0.0925,India,,,
,GEX53219,Bluebird w1.2,"TERMINAL BLOCK, CURRENT INPUTS - 4CT",PC,black,GF,India,10.0,4.333,10.677975,13.4542485,86.0,12.0,29.0,1.5,2.4,62265.0,0.2407,India,,,
,JYT65513,Bluebird w1.2,"TERMINAL BLOCK, CURRENT INPUTS -3CT",PC,black,GF,India,10.0,4.333,10.677975,13.4542485,86.0,12.0,29.0,1.5,2.4,31132.0,0.3312,India,,,
,JYT31700,Bluebird w1.2,IO 22EZ front cover (EVO standard),PC   ,green,,India,0.0,4.333,35.08813,44.2110438,90.0,67.0,52.5,1.8,2.8,38666.0,0.5176,India,,,
,GEX54329,Bluebird w1.2,IO 22E front cover (EVO Entry),PC   ,green,,India,0.0,4.333,35.08813,44.2110438,90.0,67.0,52.5,1.8,2.8,24283.0,0.6581,India,,,
,PKR52586,Bluebird w1.2,IO 22E front cover (RF),PC   ,green,,India,0.0,4.333,35.08813,44.2110438,90.0,67.0,52.5,1.8,2.8,24283.0,0.6581,India,,,
,JYT31701,Bluebird w1.2,IO 22EZ rear cover ,PC   ,green,,India,0.0,4.333,25.95604,32.7046104,90.0,67.0,34.0,1.8,2.8,62949.0,0.338,India,,,
,PKR39507,Bluebird w1.2,Light Pipe DIN mount,PC,transparent,,India,0.0,3.777,0.40378,0.5087628,4.2,4.2,42.15,3.0,3.0,62265.0,0.0833,India,,,
,NNZ74970,Boya,OF aux  pushing rod,PPS,nature,,China,,47.94,6399.0,11.8,33.4,31.5,26.7,6.0,9.0,28890.0,1.14,China,,,
,GEX72142 / PKR22317,R5,Breaker Cell Case left / 800A Breaker cell case left,BMC,grey,No,China,,14.67,1270.0,2286.0,260.0,213.0,57.5,3.0,5.0,8000.0,56.82,China,,,4.0
,GEX72143 / PKR22318,R5,Breaker Cell Case Right / 800A breaker cell case right,BMC ,grey,No,China,,14.67,1408.76,2536.0,260.0,213.0,57.5,3.0,5.0,8000.0,61.34,China,,,4.0
,GEX72144 / GEX78895,R5,mobile contact holder / 800A mobile contact holder,SMC,grey,No,China,,17.82,204.7,368.0,84.5,60.0,121.0,4.0,5.0,8000.0,11.75,China,,,4.0
,GEX72151,R5,arcboard center,"PA66
",grey,No,China,,25.0,53.0,69.0,115.0,50.0,16.0,2.2,3.0,8000.0,3.13,China,,,4.0
,GEX72164,R5,gear plastic support,"PA66 
",grey,No,China,,25.0,167.0,217.0,297.0,212.0,15.0,2.2,3.5,4000.0,10.0,China,,,2.0
,GEX72989,R5,INTERLOCK RATCHET,PAA ,natural,No,China,,85.36,6.9,9.0,85.0,22.0,25.0,1.5,2.0,2000.0,1.45,China,,,1.0
,GEX72988,R5,INTERLOCK CAM,PAA,natural,No,China,,85.36,3.8,5.0,40.0,40.0,9.0,1.2,2.0,2000.0,1.15,China,,,1.0
,GEX72981,R5,INDICATOR S1-OFF-S2,PAA ,black,No,China,,85.36,9.0,12.0,101.0,25.0,40.0,1.5,3.0,2000.0,2.67,China,,,1.0
,GEX72975,R5,CLOSING PADLOCK PLATE,PA66 ,grey,No,China,,25.0,2.9,4.0,59.0,35.0,7.2,1.0,1.5,2000.0,0.68,China,,,1.0
,GEX73026,R5,OFF PADLOCK OUTSIDE PLATE,PA66 ,grey,No,China,,25.0,15.0,20.0,81.0,46.0,19.0,1.7,3.3,2000.0,1.2,China,,,1.0
,GEX72183,R5,Internal OF base,PA66 ,grey,No,China,,25.0,13.0,17.0,73.0,68.0,23.0,1.5,3.0,2000.0,1.1,China,,,1.0
,GEX88290,R5,Interlock OFF,PA66 ,grey,No,China,,25.0,4.3,6.0,85.0,38.0,11.0,1.5,2.0,2000.0,1.2,China,,,1.0
,GEX72189,R5,External OF Slider,"PA66 
/POM",grey,No,China,,25.0,0.7,1.0,12.0,11.0,19.0,1.0,1.5,4000.0,0.35,China,,,2.0
,GEX84184,R5,CLOSING PADLOCK CONNECTOR,PA66 ,grey,No,China,,25.0,1.2,2.0,29.0,26.0,10.0,1.0,1.8,2000.0,0.55,China,,,1.0
,GEX72177,R5,Front cover,"PC 
",grey,No,China,,26.25,1259.0,1586.0,496.0,298.0,115.0,3.0,4.0,2000.0,63.0,China,,,1.0
,GEX72178,R5,Mid Cover,PA66 ,grey,No,China,,25.0,1143.0,1680.0,470.0,298.0,99.0,3.0,4.0,2000.0,65.0,China,,,1.0
,GEX72182,R5,Bloc Base cover,PA66 ,grey,No,China,,25.0,1568.0,2305.0,488.0,259.0,66.0,4.0,4.5,2000.0,83.0,China,,,1.0
,GEX72185,R5,External OF base,PA66 ,grey,No,China,,25.0,26.0,34.0,120.0,90.0,25.0,1.5,2.5,2000.0,2.2,China,,,1.0
,GEX72186,R5,External OF cover,PA66 ,grey,No,China,,25.0,17.0,22.0,123.0,90.0,20.0,1.5,2.3,2000.0,1.8,China,,,1.0
,	GEX72188,R5,External OF Shaft,PA66 ,grey,No,China,,25.0,26.0,34.0,53.0,43.0,32.5,1.6,2.5,2000.0,2.22,China,,,1.0
,GEX72190,R5,Wiring cover,PA66 ,grey,No,China,,25.0,36.0,47.0,212.0,37.0,9.5,2.0,3.0,8000.0,2.7,China,,,4.0
,PKR22305,R5,800A breakcell support,LCPA,natural,No,China,,95.0,3.0,5.0,57.0,18.0,6.0,1.0,2.0,32000.0,1.5,China,,,16.0
,PKR22320,R5,Controller Case,PC ,grey,No,China,,25.0,223.0,281.0,238.0,137.0,59.0,2.0,3.0,2000.0,12.0,China,,,1.0
,PKR22322,R5,Controller Cover,PC ,grey,No,China,,25.0,272.0,343.0,238.0,143.0,82.0,2.0,3.0,2000.0,14.0,China,,,1.0
,PKR60705 / PKR82330,R5,CLOSING BUTTON S1 / CLOSING BUTTON S2,PA66,black,No,China,,33.2,2.06,3.0,20.0,20.0,22.0,1.0,2.0,4000.0,1.2,China,,,2.0
,PKR60706,R5,OFF BUTTON,PA6,red,No,China,,35.15,2.5,3.5,20.0,20.0,22.0,1.0,2.0,2000.0,1.4,China,,,1.0
,PKR60707,R5,OFF ROD,PC/PA66,grey,No,China,,25.0,0.8,1.0,30.0,13.0,3.0,1.0,1.5,4000.0,0.4,China,,,2.0
,PKR60708,R5,OFF BUTTON LINKAGE,PA66 ,grey,No,China,,25.0,7.0,10.3,75.0,31.0,20.0,1.5,4.0,2000.0,1.1,China,,,1.0
,PKR82124,R5,HMI_PCBA_HOLD,PA66,grey,No,China,,25.0,5.9,8.673,80.0,25.0,3.0,1.2,2.0,2000.0,0.9,China,,,1.0
,PKR60730,R5,Transparent cover dielectric ,PC,Transparent ,No,China,,37.0,7.6,9.1,91.0,48.0,10.0,1.2,2.0,2000.0,1.8,China,,,1.0
,PKR60731,R5,Transparent cover Aux,PC ,Transparent ,No,China,,37.0,28.5,34.2,112.0,67.0,51.0,1.7,3.0,2000.0,3.1,China,,,1.0
,PKR72510,R5,SLIDE PLATE,PA66 ,grey,No,China,,25.0,2.8,3.64,55.0,14.0,15.0,1.0,2.0,2000.0,0.55,China,,,1.0
,PKR72517,R5,AUTO/MANUAL SWITCH PLATE,PA66 ,grey,No,China,,25.0,3.0,3.9,58.0,18.0,18.0,1.0,2.1,2000.0,0.65,China,,,1.0
,PKR7251,R5,AUTO/MANUAL SWITCH PLATE,PA66 ,grey,No,China,,25.0,3.0,3.9,58.0,18.0,18.0,1.0,2.1,2000.0,0.65,China,,,1.0
